gene,position,ref,coverage,a,c,g,t,edit,gene_length,genic_region,coding,codon_seq,codon,AA_change
accD,2,C,669,0,287,0,382,c-to-u,1127,exon,coding,ACG,2,Thr-to-Met (Start Codon)
accD,169,C,937,0,224,0,713,c-to-u,1127,exon,coding,CAT,1,His-to-Tyr
accD,182,C,673,1,186,0,486,c-to-u,1127,exon,coding,TCG,2,Ser-to-Leu
accD,211,C,1436,1,413,0,1022,c-to-u,1127,exon,coding,CGC,1,Arg-to-Cys
accD,257,C,1450,1,449,0,1000,c-to-u,1127,exon,coding,TCA,2,Ser-to-Leu
accD,296,C,562,0,79,0,483,c-to-u,1127,exon,coding,ACG,2,Thr-to-Met
accD,337,C,431,5,65,0,361,c-to-u,1127,exon,coding,CAT,1,His-to-Tyr
accD,410,C,533,1,95,0,437,c-to-u,1127,exon,coding,CCG,2,Pro-to-Leu
accD,533,C,153,0,22,0,131,c-to-u,1127,exon,coding,CCA,2,Pro-to-Leu
accD,587,C,284,0,31,0,253,c-to-u,1127,exon,coding,TCG,2,Ser-to-Leu
accD,662,C,502,2,70,1,429,c-to-u,1127,exon,coding,CCT,2,Pro-to-Leu
ycf2,3706,T,31,0,28,0,3,u-to-c,6527,exon,coding,TAA,1,STOP-to-Gln
accD,821,C,259,0,42,0,217,c-to-u,1127,exon,coding,TCA,2,Ser-to-Leu
accD,866,C,144,0,43,0,101,c-to-u,1127,exon,coding,CCG,2,Pro-to-Leu
accD,896,C,148,0,16,0,132,c-to-u,1127,exon,coding,CCT,2,Pro-to-Leu
atpA,54,C,5499,9,1987,0,3503,c-to-u,1724,exon,coding,ATC,3,Silent
atpA,170,C,7276,7,77,3,7189,c-to-u,1724,exon,coding,TCC,2,Ser-to-Phe
atpA,171,C,7275,10,68,0,7197,c-to-u,1724,exon,coding,TCC,3,Silent
atpA,197,C,6890,8,88,0,6794,c-to-u,1724,exon,coding,TCG,2,Ser-to-Leu
atpA,203,C,6576,13,107,0,6456,c-to-u,1724,exon,coding,CCG,2,Pro-to-Leu
atpA,233,C,1962,2,22,0,1938,c-to-u,1724,exon,coding,ACG,2,Thr-to-Met
atpA,389,C,3291,4,24,0,3263,c-to-u,1724,exon,coding,TCG,2,Ser-to-Leu
atpA,557,C,2483,2,29,1,2451,c-to-u,1724,exon,coding,CCG,2,Pro-to-Leu
atpA,880,C,1651,7,7,0,1637,c-to-u,1724,exon,coding,CAC,1,His-to-Tyr
rpoC2,111,T,34,0,11,0,23,u-to-c,4478,exon,coding,AAT,3,Silent
atpA,1031,C,2030,4,39,0,1987,c-to-u,1724,exon,coding,ACA,2,Thr-to-Ile
atpA,1172,C,4308,4,50,1,4253,c-to-u,1724,exon,coding,TCT,2,Ser-to-Phe
atpB,98,C,7904,2,273,0,7629,c-to-u,1682,exon,coding,TCT,2,Ser-to-Phe
atpB,542,C,7607,12,129,8,7458,c-to-u,1682,exon,coding,ACG,2,Thr-to-Met
atpB,548,C,7457,19,300,0,7138,c-to-u,1682,exon,coding,TCG,2,Ser-to-Leu
atpB,1381,C,4840,4,102,2,4732,c-to-u,1682,exon,coding,CCA,1,Pro-to-Ser
rpoC2,116,T,36,0,11,0,25,u-to-c,4478,exon,coding,TTG,2,Leu-to-Ser
atpE,146,C,3184,6,108,0,3070,c-to-u,599,exon,coding,TCA,2,Ser-to-Leu
atpE,185,C,7833,17,513,0,7303,c-to-u,599,exon,coding,CCG,2,Pro-to-Leu
atpF,2,C,2085,10,756,0,1319,c-to-u,1459,exon,coding,ACG,2,Thr-to-Met (Start Codon)
atpH,2,C,999,1,43,0,955,c-to-u,446,exon,coding,ACG,2,Thr-to-Met (Start Codon)
atpH,203,C,1269,1,7,0,1261,c-to-u,446,exon,coding,TCA,2,Ser-to-Leu
atpH,215,C,1064,0,7,0,1057,c-to-u,446,exon,coding,CCA,2,Pro-to-Leu
atpH,221,C,797,1,6,0,790,c-to-u,446,exon,coding,CCG,2,Pro-to-Leu
atpH,224,C,788,0,17,0,771,c-to-u,446,exon,coding,TCA,2,Ser-to-Leu
atpH,238,C,733,0,3,0,730,c-to-u,446,exon,coding,CCT,1,Pro-to-Ser
atpH,239,C,733,0,2,0,731,c-to-u,446,exon,coding,CCT,2,Pro-to-Leu
rpoC2,96,T,39,0,10,0,29,u-to-c,4478,exon,coding,ATT,3,Silent
atpI,130,C,2295,0,82,0,2213,c-to-u,947,exon,coding,CGG,1,Arg-to-Trp
atpI,233,C,3154,2,55,1,3096,c-to-u,947,exon,coding,TCT,2,Ser-to-Phe
atpI,245,C,2881,0,38,0,2843,c-to-u,947,exon,coding,TCA,2,Ser-to-Leu
atpI,445,C,2308,4,25,0,2279,c-to-u,947,exon,coding,CAT,1,His-to-Tyr
atpI,485,C,2335,3,38,4,2290,c-to-u,947,exon,coding,TCC,2,Ser-to-Phe
atpI,486,C,2341,2,444,1,1894,c-to-u,947,exon,coding,TCC,3,Silent
atpI,542,C,1511,3,36,0,1472,c-to-u,947,exon,coding,TCC,2,Ser-to-Phe
atpI,650,C,3730,6,86,4,3634,c-to-u,947,exon,coding,ACG,2,Thr-to-Met
atpI,656,C,5079,8,155,4,4912,c-to-u,947,exon,coding,CCT,2,Pro-to-Leu
atpI,695,C,5023,5,18,0,5000,c-to-u,947,exon,coding,TCT,2,Ser-to-Phe
atpI,731,C,2538,1,13,6,2518,c-to-u,947,exon,coding,ACG,2,Thr-to-Met
ccsA,2,C,424,4,64,0,356,c-to-u,1166,exon,coding,ACG,2,Thr-to-Met (Start Codon)
ccsA,29,C,397,2,57,0,338,c-to-u,1166,exon,coding,TCT,2,Ser-to-Phe
ccsA,76,C,372,2,63,0,307,c-to-u,1166,exon,coding,CCC,1,Pro-to-Ser
ccsA,104,C,414,0,39,1,374,c-to-u,1166,exon,coding,ACA,2,Thr-to-Ile
ccsA,248,C,227,0,23,0,204,c-to-u,1166,exon,coding,TCG,2,Ser-to-Leu
ccsA,263,C,205,0,46,0,159,c-to-u,1166,exon,coding,TCA,2,Ser-to-Leu
ccsA,341,C,170,0,15,0,155,c-to-u,1166,exon,coding,TCA,2,Ser-to-Leu
ccsA,389,C,395,0,11,0,384,c-to-u,1166,exon,coding,TCG,2,Ser-to-Leu
ccsA,410,C,511,1,51,0,459,c-to-u,1166,exon,coding,ACG,2,Thr-to-Met
ccsA,425,C,558,1,20,1,536,c-to-u,1166,exon,coding,ACG,2,Thr-to-Met
ccsA,428,C,556,0,32,0,524,c-to-u,1166,exon,coding,TCG,2,Ser-to-Leu
ccsA,444,C,475,1,340,1,133,c-to-u,1166,exon,coding,ACC,3,Silent
ccsA,446,C,426,2,28,0,396,c-to-u,1166,exon,coding,TCA,2,Ser-to-Leu
ccsA,490,C,677,2,97,0,578,c-to-u,1166,exon,coding,CAC,1,His-to-Tyr
ccsA,799,C,7902,24,525,19,7334,c-to-u,1166,exon,coding,CGG,1,Arg-to-Trp
cemA,65,C,116,0,8,0,108,c-to-u,1745,exon,coding,TCG,2,Ser-to-Leu
cemA,342,C,272,1,239,0,32,c-to-u,1745,exon,coding,TAC,3,Silent
cemA,1054,C,330,0,25,0,305,c-to-u,1745,exon,coding,CGG,1,Arg-to-Trp
cemA,1148,C,261,0,30,0,231,c-to-u,1745,exon,coding,ACG,2,Thr-to-Met
cemA,1160,C,250,0,23,0,227,c-to-u,1745,exon,coding,CCA,2,Pro-to-Leu
cemA,1214,C,46,0,4,0,42,c-to-u,1745,exon,coding,TCA,2,Ser-to-Leu
cemA,1256,C,135,0,6,0,129,c-to-u,1745,exon,coding,TCA,2,Ser-to-Leu
cemA,1277,C,167,0,11,0,156,c-to-u,1745,exon,coding,TCA,2,Ser-to-Leu
chlB,2,C,683,2,170,1,510,c-to-u,1745,exon,coding,ACG,2,Thr-to-Met (Start Codon)
chlB,112,C,1389,0,164,0,1225,c-to-u,1745,exon,coding,CAC,1,His-to-Tyr
chlB,137,C,964,0,180,1,783,c-to-u,1745,exon,coding,CCG,2,Pro-to-Leu
matK,1313,T,40,0,23,0,17,u-to-c,1706,exon,coding,ATA,2,Ile-to-Thr
chlB,562,C,232,0,131,0,101,c-to-u,1745,exon,coding,CTA,1,Leu-to-Phe
chlB,566,C,226,0,5,0,221,c-to-u,1745,exon,coding,CCT,2,Pro-to-Leu
chlB,575,C,259,0,13,0,246,c-to-u,1745,exon,coding,TCG,2,Ser-to-Leu
chlB,823,C,458,3,183,0,272,c-to-u,1745,exon,coding,CTT,1,Leu-to-Phe
chlB,932,C,1288,2,74,1,1211,c-to-u,1745,exon,coding,TCT,2,Ser-to-Phe
chlB,1033,C,4092,3,288,1,3800,c-to-u,1745,exon,coding,CGG,1,Arg-to-Trp
chlB,1319,C,272,0,54,0,218,c-to-u,1745,exon,coding,TCA,2,Ser-to-Leu
chlB,1418,C,468,0,76,0,392,c-to-u,1745,exon,coding,TCA,2,Ser-to-Leu
chlL,2,C,7991,20,446,1,7524,c-to-u,1082,exon,coding,ACG,2,Thr-to-Met (Start Codon)
chlL,173,C,7375,12,195,0,7168,c-to-u,1082,exon,coding,TCA,2,Ser-to-Leu
chlL,371,C,2980,4,79,0,2897,c-to-u,1082,exon,coding,CCA,2,Pro-to-Leu
chlL,706,C,2919,1,196,0,2722,c-to-u,1082,exon,coding,CAT,1,His-to-Tyr
ycf2,2323,T,40,0,6,1,33,u-to-c,6527,exon,coding,TCC,1,Ser-to-Pro
chlL,880,C,774,1,29,0,744,c-to-u,1082,exon,coding,CAA,1,Gln-to-STOP
chlN,111,C,5983,13,4932,2,1036,c-to-u,1583,exon,coding,TTC,3,Silent
chlN,112,C,5885,15,4850,1,1019,c-to-u,1583,exon,coding,CCG,1,Pro-to-Ser
chlN,113,C,5502,8,169,6,5319,c-to-u,1583,exon,coding,CCG,2,Pro-to-Leu
chlN,133,C,7556,9,214,5,7328,c-to-u,1583,exon,coding,CGT,1,Arg-to-Cys
chlN,443,C,2270,7,80,1,2182,c-to-u,1583,exon,coding,GCG,2,Ala-to-Val
chlN,959,C,1497,2,62,3,1430,c-to-u,1583,exon,coding,ACG,2,Thr-to-Met
clpP,943,C,940,1,229,0,710,c-to-u,2206,exon,coding,TCG,2,Ser-to-Leu
clpP,1063,C,315,0,19,0,296,c-to-u,2206,exon,coding,TCT,2,Ser-to-Phe
clpP,1843,C,147,0,13,1,133,c-to-u,2206,exon,coding,GCA,2,Ala-to-Val
clpP,1846,C,147,0,20,0,127,c-to-u,2206,exon,coding,TCG,2,Ser-to-Leu
clpP,1900,C,227,0,23,0,204,c-to-u,2206,exon,coding,TCG,2,Ser-to-Leu
clpP,1939,C,88,0,5,0,83,c-to-u,2206,exon,coding,TCG,2,Ser-to-Leu
clpP,1972,C,67,0,4,0,63,c-to-u,2206,exon,coding,GCG,2,Ala-to-Val
rpoC2,232,T,49,0,22,0,27,u-to-c,4478,exon,coding,TAA,1,STOP-to-Gln
infA,71,C,868,0,171,0,697,c-to-u,443,exon,coding,GCA,2,Ala-to-Val
infA,98,C,870,0,140,0,730,c-to-u,443,exon,coding,TCG,2,Ser-to-Leu
rpoB,988,T,56,0,36,0,20,u-to-c,3416,exon,coding,TAA,1,STOP-to-Gln
matK,2,C,74,0,41,0,33,c-to-u,1706,exon,coding,ACG,2,Thr-to-Met (Start Codon)
matK,101,C,119,0,33,0,86,c-to-u,1706,exon,coding,TCG,2,Ser-to-Leu
rpoC2,3775,T,75,0,72,0,3,u-to-c,4478,exon,coding,TGT,1,Cys-to-Arg
matK,276,C,78,0,21,0,57,c-to-u,1706,exon,coding,ACC,3,Silent
matK,494,C,215,1,27,0,187,c-to-u,1706,exon,coding,CCA,2,Pro-to-Leu
matK,1001,C,14,0,2,0,12,c-to-u,1706,exon,coding,TCC,2,Ser-to-Phe
matK,1082,C,61,0,23,0,38,c-to-u,1706,exon,coding,TCG,2,Ser-to-Leu
matK,1176,C,34,0,29,0,5,c-to-u,1706,exon,coding,TCC,3,Silent
matK,1266,C,42,0,22,0,20,c-to-u,1706,exon,coding,GCC,3,Silent
matK,271,T,77,0,41,0,36,u-to-c,1706,exon,coding,TAA,1,STOP-to-Gln
ndhA,131,C,3918,1,497,1,3419,c-to-u,2249,exon,coding,ACG,2,Thr-to-Met
ycf2,4603,T,118,0,104,0,14,u-to-c,6527,exon,coding,TAA,1,STOP-to-Gln
ndhA,257,C,598,1,218,0,379,c-to-u,2249,exon,coding,TCG,2,Ser-to-Leu
ndhA,386,C,771,1,99,1,670,c-to-u,2249,exon,coding,TCA,2,Ser-to-Leu
ndhA,1717,C,724,0,30,0,694,c-to-u,2249,exon,coding,CAC,1,His-to-Tyr
ndhA,1742,C,639,0,26,0,613,c-to-u,2249,exon,coding,TCA,2,Ser-to-Leu
ndhA,1757,C,305,0,14,0,291,c-to-u,2249,exon,coding,CCG,2,Pro-to-Leu
ndhA,2009,C,70,0,15,0,55,c-to-u,2249,exon,coding,TCG,2,Ser-to-Leu
ndhB,2,C,40,0,22,0,18,c-to-u,2504,exon,coding,ACG,2,Thr-to-Met (Start Codon)
ndhB,44,C,34,0,11,0,23,c-to-u,2504,exon,coding,CCT,2,Pro-to-Leu
ndhB,48,C,38,0,16,0,22,c-to-u,2504,exon,coding,ACC,3,Silent
ndhB,77,C,41,0,8,0,33,c-to-u,2504,exon,coding,CCA,2,Pro-to-Leu
ndhB,98,C,62,0,27,0,35,c-to-u,2504,exon,coding,GCA,2,Ala-to-Val
ndhB,167,C,121,0,31,0,90,c-to-u,2504,exon,coding,ACG,2,Thr-to-Met
ndhB,281,C,120,0,7,0,113,c-to-u,2504,exon,coding,TCC,2,Ser-to-Phe
ndhB,497,C,377,0,100,0,277,c-to-u,2504,exon,coding,ACG,2,Thr-to-Met
ndhB,566,C,101,0,24,0,77,c-to-u,2504,exon,coding,CCT,2,Pro-to-Leu
ndhB,596,C,136,0,61,0,75,c-to-u,2504,exon,coding,ACA,2,Thr-to-Ile
ndhB,659,C,48,1,11,0,36,c-to-u,2504,exon,coding,ACG,2,Thr-to-Met
ndhB,1592,C,48,1,9,0,38,c-to-u,2504,exon,coding,TCA,2,Ser-to-Leu
ndhB,1735,C,211,0,9,0,202,c-to-u,2504,exon,coding,CCT,1,Pro-to-Ser
ndhB,1949,C,535,0,25,0,510,c-to-u,2504,exon,coding,TCG,2,Ser-to-Leu
ndhB,1988,C,189,0,24,0,165,c-to-u,2504,exon,coding,CCA,2,Pro-to-Leu
ndhB,2011,C,188,0,16,0,172,c-to-u,2504,exon,coding,CAT,1,His-to-Tyr
ndhB,2042,C,145,0,44,0,101,c-to-u,2504,exon,coding,TCG,2,Ser-to-Leu
ndhB,2057,C,104,0,42,0,62,c-to-u,2504,exon,coding,ACG,2,Thr-to-Met
ndhB,2114,C,75,0,6,0,69,c-to-u,2504,exon,coding,TCA,2,Ser-to-Leu
ndhC,8,C,2195,5,632,0,1558,c-to-u,563,exon,coding,CCA,2,Pro-to-Leu
ndhC,31,C,2624,4,496,0,2124,c-to-u,563,exon,coding,CGG,1,Arg-to-Trp
ndhC,65,C,1502,2,335,0,1165,c-to-u,563,exon,coding,TCT,2,Ser-to-Phe
ndhC,184,C,2079,4,424,0,1651,c-to-u,563,exon,coding,CAT,1,His-to-Tyr
ndhC,200,C,1713,4,195,1,1513,c-to-u,563,exon,coding,TCA,2,Ser-to-Leu
ndhC,290,C,2373,1,373,0,1999,c-to-u,563,exon,coding,GCG,2,Ala-to-Val
ndhD,19,C,81,0,12,0,69,c-to-u,1712,exon,coding,CGG,1,Arg-to-Trp
ndhD,140,C,114,0,17,0,97,c-to-u,1712,exon,coding,CCA,2,Pro-to-Leu
ndhD,222,C,300,1,95,1,203,c-to-u,1712,exon,coding,TCC,3,Silent
ndhD,349,C,2267,4,196,0,2067,c-to-u,1712,exon,coding,CTT,1,Leu-to-Phe
ndhD,996,C,351,0,285,0,66,c-to-u,1712,exon,coding,GCC,3,Silent
ndhD,1207,C,347,0,113,0,234,c-to-u,1712,exon,coding,CTG,1,Leu-to-Phe
ndhE,3,C,5397,28,3775,1,1593,c-to-u,503,exon,coding,ATC,3,Silent
ndhE,5,C,5456,10,1775,0,3671,c-to-u,503,exon,coding,ACG,2,Thr-to-Met
ndhE,107,C,7301,1,227,1,7072,c-to-u,503,exon,coding,CCA,2,Pro-to-Leu
ndhE,128,C,6732,2,368,1,6361,c-to-u,503,exon,coding,CCA,2,Pro-to-Leu
ndhF,323,C,231,0,113,0,118,c-to-u,2369,exon,coding,ACG,2,Thr-to-Met
ndhF,355,T,131,1,78,0,52,u-to-c,2369,exon,coding,TGG,1,Trp-to-Arg
ndhF,366,C,129,0,73,0,56,c-to-u,2369,exon,coding,GCC,3,Silent
ndhF,413,C,192,1,10,0,181,c-to-u,2369,exon,coding,TCA,2,Ser-to-Leu
ndhF,498,C,276,0,163,0,113,c-to-u,2369,exon,coding,TTC,3,Silent
rpoC1,1928,T,170,1,141,0,28,u-to-c,2964,exon,coding,TAA,1,STOP-to-Gln
ndhF,995,C,198,0,15,0,183,c-to-u,2369,exon,coding,TCA,2,Ser-to-Leu
ndhF,1001,C,244,0,21,0,223,c-to-u,2369,exon,coding,CCA,2,Pro-to-Leu
ndhF,1028,C,198,1,11,0,186,c-to-u,2369,exon,coding,CCA,2,Pro-to-Leu
ndhF,1760,C,80,0,24,0,56,c-to-u,2369,exon,coding,TCA,2,Ser-to-Leu
ndhF,1770,C,114,0,101,0,13,c-to-u,2369,exon,coding,ATC,3,Silent
ndhG,2,C,60,0,17,0,43,c-to-u,794,exon,coding,ACG,2,Thr-to-Met (Start Codon)
ndhG,57,C,118,0,85,0,33,c-to-u,794,exon,coding,ATC,3,Silent
ndhG,116,C,90,0,13,0,77,c-to-u,794,exon,coding,CCA,2,Pro-to-Leu
ndhG,122,C,93,0,20,0,73,c-to-u,794,exon,coding,TCG,2,Ser-to-Leu
ndhG,188,C,177,0,30,0,147,c-to-u,794,exon,coding,TCA,2,Ser-to-Leu
ndhG,191,C,179,0,41,0,138,c-to-u,794,exon,coding,TCA,2,Ser-to-Leu
ndhG,224,C,259,1,20,0,238,c-to-u,794,exon,coding,GCA,2,Ala-to-Val
ndhG,236,C,305,1,32,0,272,c-to-u,794,exon,coding,ACG,2,Thr-to-Met
rpoC1,115,T,227,1,161,0,65,u-to-c,2964,exon,coding,TAA,1,STOP-to-Gln
ndhG,512,C,846,0,24,0,822,c-to-u,794,exon,coding,CCG,2,Pro-to-Leu
ndhH,2,C,310,2,69,0,239,c-to-u,1385,exon,coding,ACG,2,Thr-to-Met (Start Codon)
ndhH,95,C,384,0,10,0,374,c-to-u,1385,exon,coding,TCG,2,Ser-to-Leu
ndhH,660,C,1663,3,1380,0,280,c-to-u,1385,exon,coding,TCC,3,Silent
ndhH,1082,C,1270,1,199,0,1070,c-to-u,1385,exon,coding,ACA,2,Thr-to-Ile
ndhI,89,C,560,0,35,0,525,c-to-u,692,exon,coding,TCG,2,Ser-to-Leu
ndhI,98,C,574,1,63,0,510,c-to-u,692,exon,coding,TCA,2,Ser-to-Leu
ndhI,208,C,536,0,63,0,473,c-to-u,692,exon,coding,CGC,1,Arg-to-Cys
ndhI,294,C,828,0,735,0,93,c-to-u,692,exon,coding,AGC,3,Silent
ndhJ,164,C,3977,3,388,1,3585,c-to-u,713,exon,coding,CCA,2,Pro-to-Leu
ndhJ,293,C,3062,4,412,0,2646,c-to-u,713,exon,coding,GCA,2,Ala-to-Val
ndhJ,400,C,926,0,194,1,731,c-to-u,713,exon,coding,CAT,1,His-to-Tyr
ndhK,469,C,496,0,54,0,442,c-to-u,947,exon,coding,CAT,1,His-to-Tyr
ndhK,590,C,706,0,75,0,631,c-to-u,947,exon,coding,TCC,2,Ser-to-Phe
rpoB,718,T,230,0,75,0,155,u-to-c,3416,exon,coding,TAA,1,STOP-to-Gln
petA,536,C,4854,14,44,5,4791,c-to-u,1166,exon,coding,TCA,2,Ser-to-Leu
petA,606,C,7583,5,6167,0,1411,c-to-u,1166,exon,coding,AAC,3,Silent
petA,612,C,7498,23,6457,0,1018,c-to-u,1166,exon,coding,ACC,3,Silent
petB,881,C,7398,13,140,1,7244,c-to-u,1557,exon,coding,CAC,1,His-to-Tyr
petB,924,C,5681,70,215,0,5396,c-to-u,1557,exon,coding,ACA,2,Thr-to-Ile
petB,1308,C,1567,0,15,1,1551,c-to-u,1557,exon,coding,CCG,2,Pro-to-Leu
petD,771,C,931,1,20,2,908,c-to-u,1344,exon,coding,TCA,2,Ser-to-Leu
petD,960,C,1143,0,19,0,1124,c-to-u,1344,exon,coding,TCA,2,Ser-to-Leu
petD,1089,C,473,0,15,0,458,c-to-u,1344,exon,coding,TCA,2,Ser-to-Leu
petD,1142,C,154,0,5,0,149,c-to-u,1344,exon,coding,CAG,1,Gln-to-STOP
petG,32,C,6732,1,219,1,6511,c-to-u,317,exon,coding,TCA,2,Ser-to-Leu
petL,62,C,3556,6,1474,0,2076,c-to-u,296,exon,coding,TCA,2,Ser-to-Leu
petL,94,C,5691,0,102,1,5588,c-to-u,296,exon,coding,CAA,1,Gln-to-STOP
petN,35,C,1935,2,314,2,1617,c-to-u,290,exon,coding,ACG,2,Thr-to-Met
petN,44,C,2075,3,398,1,1673,c-to-u,290,exon,coding,TCT,2,Ser-to-Phe
psaB,2,C,1195,2,68,0,1125,c-to-u,2405,exon,coding,ACG,2,Thr-to-Met (Start Codon)
psaB,764,C,6237,8,129,1,6099,c-to-u,2405,exon,coding,TCA,2,Ser-to-Leu
psaB,869,C,7358,111,199,3,7045,c-to-u,2405,exon,coding,ACG,2,Thr-to-Met
psaB,1873,C,7257,9,106,1,7141,c-to-u,2405,exon,coding,CGG,1,Arg-to-Trp
psaJ,86,C,3656,1,260,0,3395,c-to-u,329,exon,coding,ACA,2,Thr-to-Ile
psbB,2,C,1882,5,41,8,1828,c-to-u,1727,exon,coding,ACG,2,Thr-to-Met (Start Codon)
psbB,116,C,4385,3,122,3,4257,c-to-u,1727,exon,coding,TCA,2,Ser-to-Leu
psbB,1290,C,3544,6,2213,1,1324,c-to-u,1727,exon,coding,TTC,3,Silent
psbE,89,C,1270,3,50,1,1216,c-to-u,452,exon,coding,CCG,2,Pro-to-Leu
psbE,110,C,1494,2,23,0,1469,c-to-u,452,exon,coding,TCT,2,Ser-to-Phe
psbE,140,C,1869,1,32,0,1836,c-to-u,452,exon,coding,TCC,2,Ser-to-Phe
psbF,2,C,7199,37,671,0,6491,c-to-u,320,exon,coding,ACG,2,Thr-to-Met (Start Codon)
psbF,81,C,5582,3,115,1,5463,c-to-u,320,exon,coding,TTC,3,Silent
psbF,82,C,6152,4,498,2,5648,c-to-u,320,exon,coding,CTA,1,Leu-to-Phe
psbF,101,C,5472,8,115,0,5349,c-to-u,320,exon,coding,ACG,2,Thr-to-Met
psbJ,29,C,3698,4,101,13,3580,c-to-u,323,exon,coding,TCG,2,Ser-to-Leu
psbJ,31,C,3715,4,242,12,3457,c-to-u,323,exon,coding,CGG,1,Arg-to-Trp
psbJ,74,C,6028,5,87,3,5933,c-to-u,323,exon,coding,CCG,2,Pro-to-Leu
psbL,2,C,6386,13,108,0,6265,c-to-u,317,exon,coding,ACG,2,Thr-to-Met (Start Codon)
psbL,38,C,7446,10,118,0,7318,c-to-u,317,exon,coding,CCA,2,Pro-to-Leu
psbL,71,C,7250,14,110,2,7124,c-to-u,317,exon,coding,CCG,2,Pro-to-Leu
psbL,92,C,7097,7,115,0,6975,c-to-u,317,exon,coding,CCA,2,Pro-to-Leu
psbM,2,C,4665,2,557,2,4104,c-to-u,308,exon,coding,ACG,2,Thr-to-Met (Start Codon)
psbN,8,C,268,0,64,0,204,c-to-u,338,exon,coding,ACG,2,Thr-to-Met
psbN,32,C,340,0,217,0,123,c-to-u,338,exon,coding,ACT,2,Thr-to-Ile
psbN,38,C,368,0,191,0,177,c-to-u,338,exon,coding,CCA,2,Pro-to-Leu
psbT,41,C,2567,2,244,2,2319,c-to-u,305,exon,coding,TCA,2,Ser-to-Leu
psbZ,9,C,5839,13,4710,0,1116,c-to-u,389,exon,coding,ACC,3,Silent
psbZ,158,C,195,0,28,0,167,c-to-u,389,exon,coding,TCG,2,Ser-to-Leu
psbZ,170,C,175,0,24,0,151,c-to-u,389,exon,coding,CCC,2,Pro-to-Leu
psbZ,171,C,175,0,26,1,148,c-to-u,389,exon,coding,CCC,3,Silent
rpl14,56,C,933,0,160,0,773,c-to-u,569,exon,coding,TCA,2,Ser-to-Leu
rpl14,185,C,494,1,121,0,372,c-to-u,569,exon,coding,GCA,2,Ala-to-Val
rpl14,188,C,533,1,165,0,367,c-to-u,569,exon,coding,GCA,2,Ala-to-Val
ndhF,631,T,337,1,304,0,32,u-to-c,2369,exon,coding,TGA,1,STOP-to-Arg
rpl14,367,C,242,0,37,0,205,c-to-u,569,exon,coding,CGA,1,Arg-to-STOP
infA,121,T,339,0,227,0,112,u-to-c,443,exon,coding,TGA,1,STOP-to-Arg
rpl2,348,C,448,2,379,0,67,c-to-u,1713,exon,coding,TCC,3,Silent
rpl2,1092,C,480,0,142,0,338,c-to-u,1713,exon,coding,TCG,2,Ser-to-Leu
accD,772,T,393,0,334,0,59,u-to-c,1127,exon,coding,TAA,1,STOP-to-Gln
rpl20,225,C,979,2,811,0,166,c-to-u,560,exon,coding,ACC,3,Silent
rpl20,226,C,959,1,23,0,935,c-to-u,560,exon,coding,CAC,1,His-to-Tyr
rpl20,302,C,1302,0,48,0,1254,c-to-u,560,exon,coding,CCA,2,Pro-to-Leu
accD,730,T,411,1,349,0,61,u-to-c,1127,exon,coding,TCT,1,Ser-to-Pro
rpl21,311,C,474,0,187,0,287,c-to-u,557,exon,coding,GCA,2,Ala-to-Val
rpl22,128,C,413,1,36,0,376,c-to-u,569,exon,coding,TCA,2,Ser-to-Leu
rpl23,2,C,953,1,128,0,824,c-to-u,476,exon,coding,ACG,2,Thr-to-Met (Start Codon)
rpl23,11,C,1144,2,184,0,958,c-to-u,476,exon,coding,TCT,2,Ser-to-Phe
rpl23,149,C,1869,2,280,1,1586,c-to-u,476,exon,coding,ACA,2,Thr-to-Ile
rpl23,263,C,1552,0,124,0,1428,c-to-u,476,exon,coding,CCA,2,Pro-to-Leu
rpl33,81,C,3063,7,2385,0,671,c-to-u,401,exon,coding,TCC,3,Silent
rpl33,143,C,2871,5,254,0,2612,c-to-u,401,exon,coding,TCA,2,Ser-to-Leu
rpl36,2,C,778,2,93,0,683,c-to-u,314,exon,coding,ACG,2,Thr-to-Met (Start Codon)
rps3,46,T,457,0,333,0,124,u-to-c,854,exon,coding,TAA,1,STOP-to-Gln
rpoA,260,C,1184,2,198,0,984,c-to-u,1244,exon,coding,GCT,2,Ala-to-Val
rpoA,272,C,1312,0,89,0,1223,c-to-u,1244,exon,coding,CCA,2,Pro-to-Leu
rpoA,329,C,495,0,58,0,437,c-to-u,1244,exon,coding,CCA,2,Pro-to-Leu
rpoA,382,C,388,0,64,0,324,c-to-u,1244,exon,coding,CGC,1,Arg-to-Cys
rpoA,440,C,463,1,39,0,423,c-to-u,1244,exon,coding,TCT,2,Ser-to-Phe
rpoA,602,C,430,4,24,0,402,c-to-u,1244,exon,coding,CCA,2,Pro-to-Leu
rpoA,683,C,1116,0,77,0,1039,c-to-u,1244,exon,coding,ACA,2,Thr-to-Ile
rpoA,929,C,219,0,136,0,83,c-to-u,1244,exon,coding,TCA,2,Ser-to-Leu
rpoB,6,C,469,0,243,0,226,c-to-u,3416,exon,coding,CCC,3,Silent
rpoC2,937,T,492,1,381,0,110,u-to-c,4478,exon,coding,TGT,1,Cys-to-Arg
rpoB,131,C,943,1,302,0,640,c-to-u,3416,exon,coding,TCT,2,Ser-to-Phe
rpoB,215,C,1022,3,393,0,626,c-to-u,3416,exon,coding,CCA,2,Pro-to-Leu
rpl14,190,T,582,1,340,1,240,u-to-c,569,exon,coding,TGC,1,Cys-to-Arg
rpoB,425,C,1137,0,308,0,829,c-to-u,3416,exon,coding,GCA,2,Ala-to-Val
rpoB,644,C,110,1,41,0,68,c-to-u,3416,exon,coding,GCA,2,Ala-to-Val
rpoB,662,C,137,0,56,0,81,c-to-u,3416,exon,coding,CCG,2,Pro-to-Leu
rpl21,271,T,705,1,623,1,80,u-to-c,557,exon,coding,TGA,1,STOP-to-Arg
rpoB,772,C,324,0,125,0,199,c-to-u,3416,exon,coding,CCG,1,Pro-to-Ser
rpoB,773,C,310,0,101,0,209,c-to-u,3416,exon,coding,CCG,2,Pro-to-Leu
rpoB,854,C,114,0,28,0,86,c-to-u,3416,exon,coding,TCG,2,Ser-to-Leu
rpoB,962,C,48,0,14,0,34,c-to-u,3416,exon,coding,CCA,2,Pro-to-Leu
chlB,250,T,732,1,555,0,176,u-to-c,1745,exon,coding,TAA,1,STOP-to-Gln
rpoB,1082,C,124,0,45,0,79,c-to-u,3416,exon,coding,TCT,2,Ser-to-Phe
rpoB,1949,C,109,1,16,0,92,c-to-u,3416,exon,coding,CCA,2,Pro-to-Leu
rpoB,2186,C,417,0,351,0,66,c-to-u,3416,exon,coding,TCG,2,Ser-to-Leu
rpoB,2216,C,254,0,54,0,200,c-to-u,3416,exon,coding,TCG,2,Ser-to-Leu
rpoB,2276,C,260,0,54,0,206,c-to-u,3416,exon,coding,TCA,2,Ser-to-Leu
rpoB,2615,C,114,0,21,0,93,c-to-u,3416,exon,coding,CCG,2,Pro-to-Leu
rpoB,2636,C,122,0,32,0,90,c-to-u,3416,exon,coding,TCA,2,Ser-to-Leu
rpoB,2714,C,117,0,13,0,104,c-to-u,3416,exon,coding,CCT,2,Pro-to-Leu
rpoB,2981,C,57,0,8,0,49,c-to-u,3416,exon,coding,TCG,2,Ser-to-Leu
rpoB,3074,C,91,0,34,0,57,c-to-u,3416,exon,coding,ACG,2,Thr-to-Met
rpoB,3145,C,91,0,10,0,81,c-to-u,3416,exon,coding,CGT,1,Arg-to-Cys
rpoB,3178,C,71,0,9,0,62,c-to-u,3416,exon,coding,CCT,1,Pro-to-Ser
infA,67,T,815,0,370,0,445,u-to-c,443,exon,coding,TGA,1,STOP-to-Arg
ndhG,356,T,848,1,782,0,65,u-to-c,794,exon,coding,TTT,2,Phe-to-Ser
rpoC1,128,C,247,0,56,0,191,c-to-u,2964,exon,coding,TCG,2,Ser-to-Leu
rpoC1,166,C,259,1,80,0,178,c-to-u,2964,exon,coding,CTT,1,Leu-to-Phe
rpoC1,386,C,77,0,41,0,36,c-to-u,2964,exon,coding,CCA,2,Pro-to-Leu
rpoC1,1198,C,142,1,106,0,35,c-to-u,2964,exon,coding,AAC,3,Silent
rpoC1,1212,C,157,0,22,0,135,c-to-u,2964,exon,coding,TCT,2,Ser-to-Phe
rpoC1,1270,C,228,0,187,0,41,c-to-u,2964,exon,coding,GAC,3,Silent
rpoC1,1302,C,321,0,13,0,308,c-to-u,2964,exon,coding,TCG,2,Ser-to-Leu
rpoC1,1683,C,163,0,68,0,95,c-to-u,2964,exon,coding,CCC,2,Pro-to-Leu
rpoC1,1713,C,197,1,72,0,124,c-to-u,2964,exon,coding,ACG,2,Thr-to-Met
rpoB,127,T,928,0,553,0,375,u-to-c,3416,exon,coding,TGA,1,STOP-to-Arg
rpoC1,2136,C,17,0,7,0,10,c-to-u,2964,exon,coding,TCT,2,Ser-to-Phe
rpoC1,2347,C,25,0,6,0,19,c-to-u,2964,exon,coding,CTC,3,Silent
rpoC2,42,C,25,0,19,0,6,c-to-u,4478,exon,coding,ATC,3,Silent
rpoC2,90,C,34,0,25,0,9,c-to-u,4478,exon,coding,TTC,3,Silent
rpoA,241,T,1001,0,244,0,757,u-to-c,1244,exon,coding,TAA,1,STOP-to-Gln
rps7,139,T,1111,1,885,0,225,u-to-c,653,exon,coding,TAA,1,STOP-to-Gln
ycf2,1579,T,1250,2,1070,0,178,u-to-c,6527,exon,coding,TAA,1,STOP-to-Gln
rpoC2,165,C,51,0,45,0,6,c-to-u,4478,exon,coding,ATC,3,Silent
rpoC2,170,C,48,0,4,0,44,c-to-u,4478,exon,coding,TCA,2,Ser-to-Leu
rpoC2,177,C,51,0,44,0,7,c-to-u,4478,exon,coding,ATC,3,Silent
rpoC2,184,C,52,0,45,0,7,c-to-u,4478,exon,coding,CTT,1,Leu-to-Phe
rpoC2,188,C,51,0,45,0,6,c-to-u,4478,exon,coding,TCA,2,Ser-to-Leu
rpoC2,191,C,47,0,40,0,7,c-to-u,4478,exon,coding,GCA,2,Ala-to-Val
ycf2,181,T,1356,1,269,0,1086,u-to-c,6527,exon,coding,TGA,1,STOP-to-Arg
rpoC2,295,C,120,0,106,0,14,c-to-u,4478,exon,coding,CAA,1,Gln-to-STOP
rpoC2,332,C,126,1,33,0,92,c-to-u,4478,exon,coding,TCA,2,Ser-to-Leu
rpoC2,617,C,170,0,40,0,130,c-to-u,4478,exon,coding,CCT,2,Pro-to-Leu
rpoC2,898,C,445,1,29,1,414,c-to-u,4478,exon,coding,CGG,1,Arg-to-Trp
rpl2,1139,T,1366,2,857,0,507,u-to-c,1713,exon,coding,TAA,1,STOP-to-Gln
rpoC2,1016,C,497,0,30,0,467,c-to-u,4478,exon,coding,TCA,2,Ser-to-Leu
rpoC2,1097,C,100,0,11,0,89,c-to-u,4478,exon,coding,TCT,2,Ser-to-Phe
rpoC2,1976,C,158,0,19,0,139,c-to-u,4478,exon,coding,CCG,2,Pro-to-Leu
rpoC2,2303,C,209,0,32,0,177,c-to-u,4478,exon,coding,CCG,2,Pro-to-Leu
rpoC2,3314,C,49,0,1,0,48,c-to-u,4478,exon,coding,CCG,2,Pro-to-Leu
rps2,517,T,1448,5,1215,0,228,u-to-c,908,exon,coding,TAA,1,STOP-to-Gln
rpoC2,3834,C,93,0,76,0,17,c-to-u,4478,exon,coding,CCC,3,Silent
rpoC2,4129,C,229,0,13,0,216,c-to-u,4478,exon,coding,CAT,1,His-to-Tyr
rps14,248,C,2849,0,358,0,2491,c-to-u,503,exon,coding,TCC,2,Ser-to-Phe
rps15,2,C,795,0,353,1,441,c-to-u,470,exon,coding,ACG,2,Thr-to-Met (Start Codon)
rps15,83,C,604,0,69,0,535,c-to-u,470,exon,coding,TCA,2,Ser-to-Leu
rps19,2,C,254,0,45,0,209,c-to-u,488,exon,coding,ACG,2,Thr-to-Met (Start Codon)
rps2,16,C,7969,24,745,0,7200,c-to-u,908,exon,coding,CGG,1,Arg-to-Trp
rps2,179,C,7824,11,187,14,7612,c-to-u,908,exon,coding,TCG,2,Ser-to-Leu
rps2,214,C,3269,2,97,1,3169,c-to-u,908,exon,coding,CCG,1,Pro-to-Ser
rps2,215,C,3272,7,66,0,3199,c-to-u,908,exon,coding,CCG,2,Pro-to-Leu
rps2,430,T,1483,2,1424,0,57,u-to-c,908,exon,coding,TAA,1,STOP-to-Gln
rps2,482,C,1884,10,61,1,1812,c-to-u,908,exon,coding,TCA,2,Ser-to-Leu
rps2,497,C,1508,5,190,0,1313,c-to-u,908,exon,coding,ACA,2,Thr-to-Ile
rps2,500,C,1493,6,54,0,1433,c-to-u,908,exon,coding,ACT,2,Thr-to-Ile
atpI,70,T,1609,3,1446,0,160,u-to-c,947,exon,coding,TAA,1,STOP-to-Gln
rps2,548,C,1501,4,32,1,1464,c-to-u,908,exon,coding,CCG,2,Pro-to-Leu
rps2,661,C,1601,2,1333,0,266,c-to-u,908,exon,coding,CCA,1,Pro-to-Ser
rps2,662,C,1532,1,53,0,1478,c-to-u,908,exon,coding,CCA,2,Pro-to-Leu
rps3,36,C,413,0,312,0,101,c-to-u,854,exon,coding,CTC,3,Silent
rpoB,229,T,1833,5,822,1,1005,u-to-c,3416,exon,coding,TAA,1,STOP-to-Gln
rps3,126,C,802,3,675,0,124,c-to-u,854,exon,coding,TTC,3,Silent
rps3,610,C,843,0,54,0,789,c-to-u,854,exon,coding,CAT,1,His-to-Tyr
rps3,632,C,752,0,37,0,715,c-to-u,854,exon,coding,ACT,2,Thr-to-Ile
rps4,227,C,285,0,26,1,258,c-to-u,788,exon,coding,CCA,2,Pro-to-Leu
rps4,367,C,197,0,22,0,175,c-to-u,788,exon,coding,CGT,1,Arg-to-Cys
rps7,2,C,1882,0,316,0,1566,c-to-u,653,exon,coding,GCG,2,Ala-to-Val
atpA,1027,T,1878,3,1838,0,37,u-to-c,1724,exon,coding,TAA,1,STOP-to-Gln
rps7,281,C,3996,7,366,1,3622,c-to-u,653,exon,coding,TCG,2,Ser-to-Leu
rps7,296,C,6459,3,372,1,6083,c-to-u,653,exon,coding,TCA,2,Ser-to-Leu
rps7,344,C,5767,1,93,0,5673,c-to-u,653,exon,coding,TCG,2,Ser-to-Leu
rps8,39,C,832,0,590,1,241,c-to-u,599,exon,coding,ATC,3,Silent
rps8,267,C,2290,2,1426,0,862,c-to-u,599,exon,coding,TCC,3,Silent
rps8,385,C,120,0,10,0,110,c-to-u,599,exon,coding,CGT,1,Arg-to-Cys
ycf1,2,C,1210,0,782,0,428,c-to-u,5294,exon,coding,ACG,2,Thr-to-Met (Start Codon)
ycf1,1165,C,1361,1,1169,0,191,c-to-u,5294,exon,coding,CGT,1,Arg-to-Cys
ycf1,4663,C,309,1,256,0,52,c-to-u,5294,exon,coding,CTA,1,Leu-to-Phe
chlL,724,T,2362,0,2138,0,224,u-to-c,1082,exon,coding,TAA,1,STOP-to-Gln
ycf2,1173,C,431,0,378,0,53,c-to-u,6527,exon,coding,ATC,3,Silent
ycf2,1512,C,520,2,456,0,62,c-to-u,6527,exon,coding,ATC,3,Silent
rpl2,10,T,2424,6,2174,0,244,u-to-c,1713,exon,coding,TAA,1,STOP-to-Gln
petA,280,T,3537,2,3390,0,145,u-to-c,1166,exon,coding,TAA,1,STOP-to-Gln
ycf2,2483,C,46,2,39,0,5,c-to-u,6527,exon,coding,TCA,2,Ser-to-Leu
ycf2,2657,C,11,0,9,0,2,c-to-u,6527,exon,coding,TCT,2,Ser-to-Phe
ycf2,3569,C,183,0,152,0,31,c-to-u,6527,exon,coding,TCA,2,Ser-to-Leu
ycf2,3608,C,76,0,7,0,69,c-to-u,6527,exon,coding,TCC,2,Ser-to-Phe
ycf2,3609,C,76,0,68,0,8,c-to-u,6527,exon,coding,TCC,3,Silent
ycf2,3617,C,137,0,17,0,120,c-to-u,6527,exon,coding,TCG,2,Ser-to-Leu
ndhA,160,T,3629,1,2601,0,1027,u-to-c,2249,exon,coding,TGA,1,STOP-to-Arg
ycf2,4580,C,103,1,10,0,92,c-to-u,6527,exon,coding,TCA,2,Ser-to-Leu
atpE,58,T,4407,11,3673,1,722,u-to-c,599,exon,coding,TGG,1,Trp-to-Arg
ycf2,4750,C,265,0,79,0,186,c-to-u,6527,exon,coding,CTT,1,Leu-to-Phe
ycf3,68,C,3640,0,278,1,3361,c-to-u,2081,exon,coding,ACA,2,Thr-to-Ile
ycf3,123,C,1011,0,300,0,711,c-to-u,2081,exon,coding,GAC,3,Silent
ycf3,882,C,344,2,23,0,319,c-to-u,2081,exon,coding,TCG,2,Ser-to-Leu
ycf3,943,C,292,1,31,0,260,c-to-u,2081,exon,coding,CTC,3,Silent
ycf3,944,C,291,2,26,0,263,c-to-u,2081,exon,coding,CAC,1,His-to-Tyr
ycf3,946,C,311,0,267,0,44,c-to-u,2081,exon,coding,CAC,3,Silent
ycf3,957,C,304,0,71,0,233,c-to-u,2081,exon,coding,CCT,2,Pro-to-Leu
ycf3,1032,C,575,0,24,0,551,c-to-u,2081,exon,coding,TCG,2,Ser-to-Leu
ycf3,1070,C,116,0,29,0,87,c-to-u,2081,exon,coding,CAC,1,His-to-Tyr
ycf3,1793,C,683,0,410,0,273,c-to-u,2081,exon,coding,GCT,2,Ala-to-Val
ycf3,1807,C,850,2,175,0,673,c-to-u,2081,exon,coding,CGG,1,Arg-to-Trp
ycf3,1811,C,450,1,157,0,292,c-to-u,2081,exon,coding,CCG,2,Pro-to-Leu
ycf94,2,C,684,2,254,0,428,c-to-u,419,exon,coding,ACG,2,Thr-to-Met (Start Codon)