"","gene","position","ref","coverage","a","c","g","t","edit","gene_length","genic_region","coding","codon_seq","codon","AA_change"
"102","accD",2,"C",655,0,77,1,577,"c-to-u",1127,"exon","coding","ACG",2,"Thr-to-Met (Start Codon)"
"254","accD",154,"C",24,0,10,0,14,"c-to-u",1127,"exon","coding","CGT",1,"Arg-to-Cys"
"357","accD",257,"C",284,0,65,1,218,"c-to-u",1127,"exon","coding","TCA",2,"Ser-to-Leu"
"396","accD",296,"C",398,0,85,0,313,"c-to-u",1127,"exon","coding","ACG",2,"Thr-to-Met"
"531","accD",431,"C",686,0,117,0,569,"c-to-u",1127,"exon","coding","CCT",2,"Pro-to-Leu"
"830","accD",730,"T",1399,0,1193,0,206,"u-to-c",1127,"exon","coding","TCT",1,"Ser-to-Pro"
"872","accD",772,"T",1277,0,946,0,331,"u-to-c",1127,"exon","coding","TAA",1,"STOP-to-Gln"
"921","accD",821,"C",947,0,228,0,719,"c-to-u",1127,"exon","coding","TCA",2,"Ser-to-Leu"
"945","accD",845,"C",771,0,142,0,629,"c-to-u",1127,"exon","coding","TCA",2,"Ser-to-Leu"
"964","accD",864,"C",769,0,498,1,270,"c-to-u",1127,"exon","coding","CTC",3,"Silent"
"1397","atpA",170,"C",1712,0,96,3,1613,"c-to-u",1724,"exon","coding","TCC",2,"Ser-to-Phe"
"1398","atpA",171,"C",1711,0,82,0,1629,"c-to-u",1724,"exon","coding","TCC",3,"Silent"
"1457","atpA",230,"C",1627,0,111,2,1514,"c-to-u",1724,"exon","coding","CCG",2,"Pro-to-Leu"
"1460","atpA",233,"C",1620,0,83,1,1536,"c-to-u",1724,"exon","coding","ACG",2,"Thr-to-Met"
"1616","atpA",389,"C",1460,0,92,0,1368,"c-to-u",1724,"exon","coding","CCG",2,"Pro-to-Leu"
"1784","atpA",557,"C",1605,0,130,1,1474,"c-to-u",1724,"exon","coding","CCA",2,"Pro-to-Leu"
"2107","atpA",880,"C",939,0,54,0,885,"c-to-u",1724,"exon","coding","CAT",1,"His-to-Tyr"
"2254","atpA",1027,"T",1433,0,1264,0,169,"u-to-c",1724,"exon","coding","TAA",1,"STOP-to-Gln"
"2258","atpA",1031,"C",1278,0,58,1,1219,"c-to-u",1724,"exon","coding","ACA",2,"Thr-to-Ile"
"2399","atpA",1172,"C",1196,0,35,1,1160,"c-to-u",1724,"exon","coding","TCT",2,"Ser-to-Phe"
"2576","atpA",1349,"C",1065,0,46,0,1019,"c-to-u",1724,"exon","coding","TCA",2,"Ser-to-Leu"
"2611","atpA",1384,"C",1381,0,1181,1,199,"c-to-u",1724,"exon","coding","CTG",1,"Leu-to-Phe"
"2675","atpA",1448,"C",943,0,26,0,917,"c-to-u",1724,"exon","coding","TCT",2,"Ser-to-Phe"
"3049","atpB",98,"C",1248,0,44,0,1204,"c-to-u",1682,"exon","coding","TCT",2,"Ser-to-Phe"
"3493","atpB",542,"C",1207,0,23,2,1182,"c-to-u",1682,"exon","coding","ACG",2,"Thr-to-Met"
"3592","atpB",641,"C",1239,0,94,3,1142,"c-to-u",1682,"exon","coding","ACG",2,"Thr-to-Met"
"3610","atpB",659,"C",2079,0,33,0,2046,"c-to-u",1682,"exon","coding","ACT",2,"Thr-to-Ile"
"3697","atpB",746,"C",3036,0,63,6,2967,"c-to-u",1682,"exon","coding","TCA",2,"Ser-to-Leu"
"4332","atpB",1381,"C",2387,0,39,2,2346,"c-to-u",1682,"exon","coding","CCA",1,"Pro-to-Ser"
"4372","atpB",1421,"C",1782,0,35,0,1747,"c-to-u",1682,"exon","coding","CCA",2,"Pro-to-Leu"
"4691","atpE",58,"T",2872,0,2756,1,115,"u-to-c",599,"exon","coding","TAA",1,"STOP-to-Gln"
"4818","atpE",185,"C",2631,1,139,1,2490,"c-to-u",599,"exon","coding","CCA",2,"Pro-to-Leu"
"6658","atpH",2,"C",2749,0,70,0,2679,"c-to-u",446,"exon","coding","ACG",2,"Thr-to-Met (Start Codon)"
"6826","atpH",170,"C",5356,0,103,0,5253,"c-to-u",446,"exon","coding","TCA",2,"Ser-to-Leu"
"6859","atpH",203,"C",5652,0,66,2,5584,"c-to-u",446,"exon","coding","TCA",2,"Ser-to-Leu"
"6871","atpH",215,"C",5675,0,149,2,5524,"c-to-u",446,"exon","coding","CCG",2,"Pro-to-Leu"
"6877","atpH",221,"C",5664,1,195,0,5468,"c-to-u",446,"exon","coding","CCG",2,"Pro-to-Leu"
"6880","atpH",224,"C",5666,0,174,1,5491,"c-to-u",446,"exon","coding","TCA",2,"Ser-to-Leu"
"6894","atpH",238,"C",4889,0,92,4,4793,"c-to-u",446,"exon","coding","CTT",1,"Leu-to-Phe"
"7172","atpI",70,"T",1302,0,1197,0,105,"u-to-c",947,"exon","coding","TAA",1,"STOP-to-Gln"
"7335","atpI",233,"C",1359,0,26,1,1332,"c-to-u",947,"exon","coding","TCT",2,"Ser-to-Phe"
"7347","atpI",245,"C",737,0,26,3,708,"c-to-u",947,"exon","coding","TCA",2,"Ser-to-Leu"
"7413","atpI",311,"C",1226,0,50,0,1176,"c-to-u",947,"exon","coding","CCA",2,"Pro-to-Leu"
"7416","atpI",314,"C",1232,0,23,0,1209,"c-to-u",947,"exon","coding","TCT",2,"Ser-to-Phe"
"7716","atpI",614,"C",2943,0,75,1,2867,"c-to-u",947,"exon","coding","TCG",2,"Ser-to-Leu"
"7752","atpI",650,"C",3294,0,129,1,3164,"c-to-u",947,"exon","coding","ACG",2,"Thr-to-Met"
"7767","atpI",665,"C",2889,0,73,0,2816,"c-to-u",947,"exon","coding","TCA",2,"Ser-to-Leu"
"8495","ccsA",446,"C",191,0,22,0,169,"c-to-u",1160,"exon","coding","TCA",2,"Ser-to-Leu"
"9719","cemA",510,"C",468,0,384,1,83,"c-to-u",1688,"exon","coding","AAC",3,"Silent"
"10366","cemA",1157,"C",347,0,37,1,309,"c-to-u",1688,"exon","coding","CCA",2,"Pro-to-Leu"
"10408","cemA",1199,"C",241,0,13,0,228,"c-to-u",1688,"exon","coding","TCA",2,"Ser-to-Leu"
"10581","cemA",1372,"C",590,0,131,0,459,"c-to-u",1688,"exon","coding","CGC",1,"Arg-to-Cys"
"11009","chlB",112,"C",988,0,69,0,919,"c-to-u",1745,"exon","coding","CAT",1,"His-to-Tyr"
"11147","chlB",250,"T",638,0,369,0,269,"u-to-c",1745,"exon","coding","TAA",1,"STOP-to-Gln"
"11418","chlB",521,"C",569,0,73,0,496,"c-to-u",1745,"exon","coding","CCA",2,"Pro-to-Leu"
"11463","chlB",566,"C",423,0,55,0,368,"c-to-u",1745,"exon","coding","TCC",2,"Ser-to-Phe"
"11464","chlB",567,"C",423,0,64,0,359,"c-to-u",1745,"exon","coding","TCC",3,"Silent"
"11472","chlB",575,"C",487,0,54,1,432,"c-to-u",1745,"exon","coding","TCG",2,"Ser-to-Leu"
"11823","chlB",926,"C",313,0,21,0,292,"c-to-u",1745,"exon","coding","GCG",2,"Ala-to-Val"
"11829","chlB",932,"C",376,0,29,0,347,"c-to-u",1745,"exon","coding","TCT",2,"Ser-to-Phe"
"13887","chlN",167,"C",1511,0,35,1,1475,"c-to-u",1589,"exon","coding","ACG",2,"Thr-to-Met"
"15000","chlN",1280,"C",2312,0,10,0,2302,"c-to-u",1589,"exon","coding","TCC",2,"Ser-to-Phe"
"15001","chlN",1281,"C",2373,0,1901,0,472,"c-to-u",1589,"exon","coding","TCC",3,"Silent"
"16177","clpP",868,"C",517,0,235,0,282,"c-to-u",2190,"exon","coding","CCA",2,"Pro-to-Leu"
"16387","clpP",1078,"C",344,0,115,0,229,"c-to-u",2190,"exon","coding","TCC",2,"Ser-to-Phe"
"16388","clpP",1079,"C",343,0,115,0,228,"c-to-u",2190,"exon","coding","TCC",3,"Silent"
"17139","clpP",1830,"C",583,0,40,2,541,"c-to-u",2190,"exon","coding","TCA",2,"Ser-to-Leu"
"17265","clpP",1956,"C",367,0,96,0,271,"c-to-u",2190,"exon","coding","GCG",2,"Ala-to-Val"
"17566","infA",67,"T",418,0,315,0,103,"u-to-c",443,"exon","coding","TGA",1,"STOP-to-Arg"
"17570","infA",71,"C",393,0,63,0,330,"c-to-u",443,"exon","coding","GCA",2,"Ala-to-Val"
"17620","infA",121,"T",474,0,348,0,126,"u-to-c",443,"exon","coding","TGA",1,"STOP-to-Arg"
"18418","matK",476,"C",29,0,10,0,19,"c-to-u",1679,"exon","coding","CCA",2,"Pro-to-Leu"
"18460","matK",518,"C",26,0,10,0,16,"c-to-u",1679,"exon","coding","CCG",2,"Pro-to-Leu"
"18469","matK",527,"C",22,0,12,0,10,"c-to-u",1679,"exon","coding","TCA",2,"Ser-to-Leu"
"18519","matK",577,"T",0,0,0,0,0,NA,1679,"exon","coding","TTT",1,"NA"
"18520","matK",578,"T",0,0,0,0,0,NA,1679,"exon","coding","TTT",2,"NA"
"18521","matK",579,"T",0,0,0,0,0,NA,1679,"exon","coding","TTT",3,"NA"
"18522","matK",580,"C",0,0,0,0,0,NA,1679,"exon","coding","CAT",1,"NA"
"18524","matK",582,"T",0,0,0,0,0,NA,1679,"exon","coding","CAT",3,"NA"
"18534","matK",592,"C",0,0,0,0,0,NA,1679,"exon","coding","CGA",1,"NA"
"18713","matK",771,"C",46,0,40,0,6,"c-to-u",1679,"exon","coding","ATC",3,"Silent"
"19376","matK",1434,"T",0,0,0,0,0,NA,1679,"exon","coding","GGT",3,"NA"
"19377","matK",1435,"T",0,0,0,0,0,NA,1679,"exon","coding","TCT",1,"NA"
"19378","matK",1436,"C",0,0,0,0,0,NA,1679,"exon","coding","TCT",2,"NA"
"19379","matK",1437,"T",0,0,0,0,0,NA,1679,"exon","coding","TCT",3,"NA"
"19381","matK",1439,"T",0,0,0,0,0,NA,1679,"exon","coding","ATT",2,"NA"
"19382","matK",1440,"T",0,0,0,0,0,NA,1679,"exon","coding","ATT",3,"NA"
"19383","matK",1441,"T",0,0,0,0,0,NA,1679,"exon","coding","TGG",1,"NA"
"19386","matK",1444,"T",0,0,0,0,0,NA,1679,"exon","coding","TTT",1,"NA"
"19387","matK",1445,"T",0,0,0,0,0,NA,1679,"exon","coding","TTT",2,"NA"
"19388","matK",1446,"T",0,0,0,0,0,NA,1679,"exon","coding","TTT",3,"NA"
"19390","matK",1448,"T",0,0,0,0,0,NA,1679,"exon","coding","GTT",2,"NA"
"19391","matK",1449,"T",0,0,0,0,0,NA,1679,"exon","coding","GTT",3,"NA"
"19392","matK",1450,"C",0,0,0,0,0,NA,1679,"exon","coding","CTC",1,"NA"
"19393","matK",1451,"T",0,0,0,0,0,NA,1679,"exon","coding","CTC",2,"NA"
"19394","matK",1452,"C",0,0,0,0,0,NA,1679,"exon","coding","CTC",3,"NA"
"19396","matK",1454,"T",0,0,0,0,0,NA,1679,"exon","coding","ATA",2,"NA"
"19401","matK",1459,"T",0,0,0,0,0,NA,1679,"exon","coding","TTT",1,"NA"
"19402","matK",1460,"T",0,0,0,0,0,NA,1679,"exon","coding","TTT",2,"NA"
"19403","matK",1461,"T",0,0,0,0,0,NA,1679,"exon","coding","TTT",3,"NA"
"19404","matK",1462,"T",0,0,0,0,0,NA,1679,"exon","coding","TCC",1,"NA"
"19405","matK",1463,"C",0,0,0,0,0,NA,1679,"exon","coding","TCC",2,"NA"
"19406","matK",1464,"C",0,0,0,0,0,NA,1679,"exon","coding","TCC",3,"NA"
"19408","matK",1466,"T",0,0,0,0,0,NA,1679,"exon","coding","ATA",2,"NA"
"19410","matK",1468,"T",0,0,0,0,0,NA,1679,"exon","coding","TTT",1,"NA"
"19411","matK",1469,"T",0,0,0,0,0,NA,1679,"exon","coding","TTT",2,"NA"
"19412","matK",1470,"T",0,0,0,0,0,NA,1679,"exon","coding","TTT",3,"NA"
"19417","matK",1475,"T",0,0,0,0,0,NA,1679,"exon","coding","ATA",2,"NA"
"19419","matK",1477,"T",0,0,0,0,0,NA,1679,"exon","coding","TAG",1,"NA"
"19781","ndhA",160,"T",164,0,96,0,68,"u-to-c",2154,"exon","coding","TGA",1,"STOP-to-Arg"
"20007","ndhA",386,"C",360,0,89,0,271,"c-to-u",2154,"exon","coding","TCG",2,"Ser-to-Leu"
"21116","ndhA",1495,"C",238,0,208,0,30,"c-to-u",2154,"exon","coding","GCC",3,"Silent"
"21122","ndhA",1501,"T",215,0,30,0,185,"u-to-c",2154,"exon","coding","TTT",3,"Silent"
"21777","ndhB",2,"T",0,0,0,0,0,NA,2387,"exon","coding","ATG",2,"NA"
"21867","ndhB",92,"C",4,0,3,0,1,"c-to-u",2387,"exon","coding","ACT",2,"Thr-to-Ile"
"22272","ndhB",497,"C",66,0,16,0,50,"c-to-u",2387,"exon","coding","ACG",2,"Thr-to-Met"
"23241","ndhB",1466,"C",291,0,248,0,43,"c-to-u",2387,"exon","coding","GCT",2,"Ala-to-Val"
"23247","ndhB",1472,"C",274,0,218,0,56,"c-to-u",2387,"exon","coding","GCT",2,"Ala-to-Val"
"23356","ndhB",1581,"T",268,0,27,1,240,"u-to-c",2387,"exon","coding","GCT",3,"Silent"
"23619","ndhB",1844,"C",239,0,9,0,230,"c-to-u",2387,"exon","coding","TCA",2,"Ser-to-Leu"
"23669","ndhB",1894,"C",508,0,206,0,302,"c-to-u",2387,"exon","coding","CAT",1,"His-to-Tyr"
"23700","ndhB",1925,"C",492,0,59,0,433,"c-to-u",2387,"exon","coding","TCG",2,"Ser-to-Leu"
"23772","ndhB",1997,"C",543,0,203,2,338,"c-to-u",2387,"exon","coding","TCA",2,"Ser-to-Leu"
"23782","ndhB",2007,"C",526,1,472,0,53,"c-to-u",2387,"exon","coding","ACC",3,"Silent"
"24170","ndhC",8,"C",237,0,113,0,124,"c-to-u",563,"exon","coding","TCA",2,"Ser-to-Leu"
"24244","ndhC",82,"C",689,0,129,0,560,"c-to-u",563,"exon","coding","CCC",1,"Pro-to-Ser"
"24346","ndhC",184,"C",951,0,359,1,591,"c-to-u",563,"exon","coding","CAT",1,"His-to-Tyr"
"24377","ndhC",215,"C",1045,0,574,3,468,"c-to-u",563,"exon","coding","TCC",2,"Ser-to-Phe"
"24452","ndhC",290,"C",902,0,284,0,618,"c-to-u",563,"exon","coding","GCT",2,"Ala-to-Val"
"24880","ndhD",155,"C",313,0,27,0,286,"c-to-u",1709,"exon","coding","TCT",2,"Ser-to-Phe"
"25327","ndhD",602,"C",601,0,13,0,588,"c-to-u",1709,"exon","coding","TCA",2,"Ser-to-Leu"
"26098","ndhD",1373,"C",347,0,19,0,328,"c-to-u",1709,"exon","coding","CCA",2,"Pro-to-Leu"
"26436","ndhE",2,"C",222,0,140,0,82,"c-to-u",500,"exon","coding","ACG",2,"Thr-to-Met (Start Codon)"
"26538","ndhE",104,"C",551,0,18,0,533,"c-to-u",500,"exon","coding","TCA",2,"Ser-to-Leu"
"28124","ndhF",1190,"C",323,0,34,0,289,"c-to-u",2378,"exon","coding","ACA",2,"Thr-to-Ile"
"29395","ndhG",83,"C",62,0,1,0,61,"c-to-u",797,"exon","coding","TCA",2,"Ser-to-Leu"
"29632","ndhG",320,"C",205,0,2,0,203,"c-to-u",797,"exon","coding","TCT",2,"Ser-to-Phe"
"29635","ndhG",323,"C",263,0,225,0,38,"c-to-u",797,"exon","coding","TCG",2,"Ser-to-Leu"
"30111","ndhH",2,"C",122,0,55,0,67,"c-to-u",1385,"exon","coding","ACG",2,"Thr-to-Met (Start Codon)"
"31034","ndhH",925,"C",117,0,20,0,97,"c-to-u",1385,"exon","coding","CAT",1,"His-to-Tyr"
"31592","ndhI",98,"C",244,0,22,0,222,"c-to-u",686,"exon","coding","TCA",2,"Ser-to-Leu"
"32344","ndhJ",164,"C",707,0,169,0,538,"c-to-u",713,"exon","coding","TCA",2,"Ser-to-Leu"
"32360","ndhJ",180,"C",865,0,726,0,139,"c-to-u",713,"exon","coding","TTC",3,"Silent"
"32473","ndhJ",293,"C",715,0,112,0,603,"c-to-u",713,"exon","coding","ACA",2,"Thr-to-Ile"
"32520","ndhJ",340,"C",1012,0,182,0,830,"c-to-u",713,"exon","coding","CGG",1,"Arg-to-Trp"
"32580","ndhJ",400,"C",967,0,278,0,689,"c-to-u",713,"exon","coding","CAT",1,"His-to-Tyr"
"32691","ndhJ",511,"C",746,0,77,0,669,"c-to-u",713,"exon","coding","CAA",1,"Gln-to-STOP"
"33100","ndhK",207,"C",821,0,668,0,153,"c-to-u",938,"exon","coding","TTC",3,"Silent"
"33231","ndhK",338,"C",904,0,96,0,808,"c-to-u",938,"exon","coding","CCA",2,"Pro-to-Leu"
"33489","ndhK",596,"C",746,0,80,0,666,"c-to-u",938,"exon","coding","TCT",2,"Ser-to-Phe"
"34099","petA",268,"T",941,0,760,1,180,"u-to-c",1163,"exon","coding","TAG",1,"STOP-to-Gln"
"34108","petA",277,"T",1011,0,741,0,270,"u-to-c",1163,"exon","coding","TAA",1,"STOP-to-Gln"
"35812","petB",818,"C",4328,0,47,0,4281,"c-to-u",1494,"exon","coding","CAC",1,"His-to-Tyr"
"36143","petB",1149,"C",6759,1,98,2,6658,"c-to-u",1494,"exon","coding","TCA",2,"Ser-to-Leu"
"36233","petB",1239,"C",4674,0,106,0,4568,"c-to-u",1494,"exon","coding","TCT",2,"Ser-to-Phe"
"36274","petB",1280,"C",7729,0,91,4,7634,"c-to-u",1494,"exon","coding","CCG",1,"Pro-to-Ser"
"37237","petD",749,"C",7730,0,77,5,7648,"c-to-u",1325,"exon","coding","CCA",2,"Pro-to-Leu"
"37426","petD",938,"C",7019,0,148,10,6861,"c-to-u",1325,"exon","coding","TCA",2,"Ser-to-Leu"
"37450","petD",962,"C",5860,0,86,0,5774,"c-to-u",1325,"exon","coding","TCA",2,"Ser-to-Leu"
"37540","petD",1052,"C",4625,0,118,0,4507,"c-to-u",1325,"exon","coding","GCG",2,"Ala-to-Val"
"37555","petD",1067,"C",4162,0,134,3,4025,"c-to-u",1325,"exon","coding","TCA",2,"Ser-to-Leu"
"37608","petD",1120,"C",5032,0,128,1,4903,"c-to-u",1325,"exon","coding","CAA",1,"Gln-to-STOP"
"37845","petG",32,"C",1249,0,196,2,1051,"c-to-u",317,"exon","coding","TCA",2,"Ser-to-Leu"
"38141","petL",11,"C",1157,0,94,0,1063,"c-to-u",296,"exon","coding","CCA",2,"Pro-to-Leu"
"41171","psaB",2,"C",7399,0,103,0,7296,"c-to-u",2405,"exon","coding","ACG",2,"Thr-to-Met (Start Codon)"
"45924","psbB",2,"C",6279,0,252,1,6026,"c-to-u",1727,"exon","coding","ACG",2,"Thr-to-Met (Start Codon)"
"45952","psbB",30,"C",7434,0,2767,0,4667,"c-to-u",1727,"exon","coding","ACC",3,"Silent"
"46038","psbB",116,"C",7295,0,167,2,7126,"c-to-u",1727,"exon","coding","TCA",2,"Ser-to-Leu"
"50545","psbE",12,"C",230,0,189,0,41,"c-to-u",452,"exon","coding","AAC",3,"Silent"
"50643","psbE",110,"C",6511,0,124,0,6387,"c-to-u",452,"exon","coding","TCT",2,"Ser-to-Phe"
"51066","psbF",81,"C",6406,0,3670,3,2733,"c-to-u",320,"exon","coding","TTC",3,"Silent"
"51086","psbF",101,"C",6627,1,142,2,6482,"c-to-u",320,"exon","coding","ACG",2,"Thr-to-Met"
"51307","psbH",2,"C",7703,0,322,3,7378,"c-to-u",425,"exon","coding","ACG",2,"Thr-to-Met (Start Codon)"
"52115","psbJ",74,"C",7603,0,76,3,7524,"c-to-u",323,"exon","coding","TCG",2,"Ser-to-Leu"
"52833","psbL",92,"C",5717,1,104,0,5612,"c-to-u",317,"exon","coding","CCA",2,"Pro-to-Leu"
"53374","psbN",8,"C",835,0,127,0,708,"c-to-u",338,"exon","coding","ACG",2,"Thr-to-Met"
"53389","psbN",23,"C",1068,0,78,0,990,"c-to-u",338,"exon","coding","TCA",2,"Ser-to-Leu"
"53404","psbN",38,"C",1145,0,389,0,756,"c-to-u",338,"exon","coding","ACA",2,"Thr-to-Ile"
"54167","psbZ",158,"C",3829,0,291,2,3536,"c-to-u",389,"exon","coding","TCG",2,"Ser-to-Leu"
"54179","psbZ",170,"C",4191,0,333,3,3855,"c-to-u",389,"exon","coding","CCC",2,"Pro-to-Leu"
"54180","psbZ",171,"C",4251,0,575,1,3675,"c-to-u",389,"exon","coding","CCC",3,"Silent"
"56211","rpl14",185,"C",389,0,82,0,307,"c-to-u",569,"exon","coding","GCA",2,"Ala-to-Val"
"56214","rpl14",188,"C",399,0,130,0,269,"c-to-u",569,"exon","coding","GCA",2,"Ala-to-Val"
"56216","rpl14",190,"T",401,0,307,0,94,"u-to-c",569,"exon","coding","TGT",1,"Cys-to-Arg"
"57625","rpl2",10,"T",86,0,49,0,37,"u-to-c",1751,"exon","coding","TAA",1,"STOP-to-Gln"
"57861","rpl2",246,"C",89,0,19,0,70,"c-to-u",1751,"exon","coding","ATC",3,"Silent"
"58792","rpl2",1177,"T",107,0,87,0,20,"u-to-c",1751,"exon","coding","TAA",1,"STOP-to-Gln"
"59592","rpl20",226,"C",68,0,1,0,67,"c-to-u",557,"exon","coding","CAT",1,"His-to-Tyr"
"59679","rpl20",313,"C",68,0,5,0,63,"c-to-u",557,"exon","coding","CGT",1,"Arg-to-Cys"
"59947","rpl21",24,"T",16,0,2,0,14,"u-to-c",557,"exon","coding","GAT",3,"Silent"
"59987","rpl21",64,"C",12,0,4,0,8,"c-to-u",557,"exon","coding","CAC",1,"His-to-Tyr"
"60234","rpl21",311,"C",877,0,33,0,844,"c-to-u",557,"exon","coding","ACA",2,"Thr-to-Ile"
"60608","rpl22",128,"C",101,0,27,0,74,"c-to-u",569,"exon","coding","TCA",2,"Ser-to-Leu"
"61161","rpl23",112,"C",88,0,24,0,64,"c-to-u",482,"exon","coding","CGG",1,"Arg-to-Trp"
"61198","rpl23",149,"C",65,0,17,0,48,"c-to-u",482,"exon","coding","ACA",2,"Thr-to-Ile"
"61245","rpl23",196,"T",0,0,0,0,0,NA,482,"exon","coding","TCA",1,"NA"
"61246","rpl23",197,"C",0,0,0,0,0,NA,482,"exon","coding","TCA",2,"NA"
"61249","rpl23",200,"C",0,0,0,0,0,NA,482,"exon","coding","ACT",2,"NA"
"61250","rpl23",201,"T",0,0,0,0,0,NA,482,"exon","coding","ACT",3,"NA"
"61251","rpl23",202,"T",0,0,0,0,0,NA,482,"exon","coding","TCT",1,"NA"
"61252","rpl23",203,"C",0,0,0,0,0,NA,482,"exon","coding","TCT",2,"NA"
"61312","rpl23",263,"C",20,0,0,0,20,"c-to-u",482,"exon","coding","TCC",2,"Ser-to-Phe"
"62775","rpoA",161,"C",146,0,43,0,103,"c-to-u",1232,"exon","coding","CCA",2,"Pro-to-Leu"
"62855","rpoA",241,"T",107,0,42,0,65,"u-to-c",1232,"exon","coding","TAA",1,"STOP-to-Gln"
"62877","rpoA",263,"C",126,0,30,0,96,"c-to-u",1232,"exon","coding","TCA",2,"Ser-to-Leu"
"62937","rpoA",323,"C",141,0,18,0,123,"c-to-u",1232,"exon","coding","TCA",2,"Ser-to-Leu"
"62976","rpoA",362,"C",233,0,59,0,174,"c-to-u",1232,"exon","coding","ACA",2,"Thr-to-Ile"
"63048","rpoA",434,"C",251,0,28,1,222,"c-to-u",1232,"exon","coding","TCA",2,"Ser-to-Leu"
"63210","rpoA",596,"C",313,0,40,0,273,"c-to-u",1232,"exon","coding","TCA",2,"Ser-to-Leu"
"63333","rpoA",719,"C",128,0,66,0,62,"c-to-u",1232,"exon","coding","TCT",2,"Ser-to-Phe"
"63430","rpoA",816,"C",231,0,176,0,55,"c-to-u",1232,"exon","coding","CCC",3,"Silent"
"63543","rpoA",929,"C",231,0,121,0,110,"c-to-u",1232,"exon","coding","TCA",2,"Ser-to-Leu"
"63973","rpoB",127,"T",100,0,15,1,84,"u-to-c",3422,"exon","coding","TGA",1,"STOP-to-Arg"
"64075","rpoB",229,"T",103,0,18,0,85,"u-to-c",3422,"exon","coding","TAA",1,"STOP-to-Gln"
"64271","rpoB",425,"C",33,0,26,0,7,"c-to-u",3422,"exon","coding","GCA",2,"Ala-to-Val"
"64301","rpoB",455,"C",22,0,13,0,9,"c-to-u",3422,"exon","coding","CCA",2,"Pro-to-Leu"
"64373","rpoB",527,"C",69,0,33,0,36,"c-to-u",3422,"exon","coding","CCA",2,"Pro-to-Leu"
"64490","rpoB",644,"C",47,0,17,0,30,"c-to-u",3422,"exon","coding","GCA",2,"Ala-to-Val"
"64564","rpoB",718,"T",42,0,20,0,22,"u-to-c",3422,"exon","coding","TAA",1,"STOP-to-Gln"
"64664","rpoB",818,"C",58,0,28,1,29,"c-to-u",3422,"exon","coding","TCG",2,"Ser-to-Leu"
"64834","rpoB",988,"T",79,0,40,1,38,"u-to-c",3422,"exon","coding","TAA",1,"STOP-to-Gln"
"64928","rpoB",1082,"C",126,0,55,0,71,"c-to-u",3422,"exon","coding","TCC",2,"Ser-to-Phe"
"65540","rpoB",1694,"C",270,0,113,0,157,"c-to-u",3422,"exon","coding","TCG",2,"Ser-to-Leu"
"65801","rpoB",1955,"C",16,0,4,0,12,"c-to-u",3422,"exon","coding","CCG",2,"Pro-to-Leu"
"66131","rpoB",2285,"C",360,0,111,0,249,"c-to-u",3422,"exon","coding","TCA",2,"Ser-to-Leu"
"66467","rpoB",2621,"C",202,0,54,0,148,"c-to-u",3422,"exon","coding","CCG",2,"Pro-to-Leu"
"66566","rpoB",2720,"C",170,0,58,0,112,"c-to-u",3422,"exon","coding","CCT",2,"Pro-to-Leu"
"66833","rpoB",2987,"C",86,0,50,0,36,"c-to-u",3422,"exon","coding","TCA",2,"Ser-to-Leu"
"66914","rpoB",3068,"C",191,0,25,0,166,"c-to-u",3422,"exon","coding","CCT",2,"Pro-to-Leu"
"66997","rpoB",3151,"C",155,0,24,0,131,"c-to-u",3422,"exon","coding","CGT",1,"Arg-to-Cys"
"67383","rpoC1",115,"T",113,0,89,0,24,"u-to-c",2977,"exon","coding","TAA",1,"STOP-to-Gln"
"67432","rpoC1",164,"C",109,0,13,0,96,"c-to-u",2977,"exon","coding","CCA",2,"Pro-to-Leu"
"67654","rpoC1",386,"C",248,0,74,0,174,"c-to-u",2977,"exon","coding","TCG",2,"Ser-to-Leu"
"68916","rpoC1",1648,"C",60,0,8,0,52,"c-to-u",2977,"exon","coding","CCA",2,"Pro-to-Leu"
"68956","rpoC1",1688,"T",63,0,21,0,42,"u-to-c",2977,"exon","coding","TGT",3,"Silent"
"69021","rpoC1",1753,"C",82,0,40,0,42,"c-to-u",2977,"exon","coding","ACG",2,"Thr-to-Met"
"69434","rpoC1",2166,"C",117,0,38,0,79,"c-to-u",2977,"exon","coding","CGT",1,"Arg-to-Cys"
"69444","rpoC1",2176,"C",107,0,34,0,73,"c-to-u",2977,"exon","coding","TCT",2,"Ser-to-Phe"
"69455","rpoC1",2187,"C",120,0,41,0,79,"c-to-u",2977,"exon","coding","CTT",1,"Leu-to-Phe"
"69531","rpoC1",2263,"C",187,0,160,0,27,"c-to-u",2977,"exon","coding","TCG",2,"Ser-to-Leu"
"69598","rpoC1",2330,"T",228,0,38,0,190,"u-to-c",2977,"exon","coding","CTT",3,"Silent"
"69609","rpoC1",2341,"T",233,0,33,0,200,"u-to-c",2977,"exon","coding","GTA",2,"Val-to-Ala"
"69750","rpoC1",2482,"T",119,0,13,0,106,"u-to-c",2977,"exon","coding","GTT",2,"Val-to-Ala"
"70415","rpoC2",170,"C",75,0,17,0,58,"c-to-u",4484,"exon","coding","TCG",2,"Ser-to-Leu"
"70477","rpoC2",232,"T",124,0,31,0,93,"u-to-c",4484,"exon","coding","TAA",1,"STOP-to-Gln"
"70577","rpoC2",332,"C",218,3,40,0,175,"c-to-u",4484,"exon","coding","TCA",2,"Ser-to-Leu"
"70582","rpoC2",337,"C",246,0,220,0,26,"c-to-u",4484,"exon","coding","CGA",1,"Arg-to-STOP"
"70789","rpoC2",544,"C",105,0,10,0,95,"c-to-u",4484,"exon","coding","CGC",1,"Arg-to-Cys"
"71131","rpoC2",886,"C",128,0,20,0,108,"c-to-u",4484,"exon","coding","CGG",1,"Arg-to-Trp"
"71170","rpoC2",925,"T",135,0,99,0,36,"u-to-c",4484,"exon","coding","TAC",1,"Tyr-to-His"
"74059","rpoC2",3814,"T",49,0,32,0,17,"u-to-c",4484,"exon","coding","TGC",1,"Cys-to-Arg"
"74741","rps11",12,"T",10,0,10,0,0,"u-to-c",596,"exon","coding","AAT",3,"Silent"
"75749","rps12",424,"C",3527,0,1317,1,2209,"c-to-u",975,"exon","coding","TCG",2,"Ser-to-Leu"
"79033","rps19",95,"C",27,0,24,0,3,"c-to-u",479,"exon","coding","ACA",2,"Thr-to-Ile"
"79578","rps2",161,"C",2584,0,216,2,2366,"c-to-u",917,"exon","coding","TCA",2,"Ser-to-Leu"
"79847","rps2",430,"T",1015,0,727,0,288,"u-to-c",917,"exon","coding","TAA",1,"STOP-to-Gln"
"79899","rps2",482,"C",2017,0,192,0,1825,"c-to-u",917,"exon","coding","TCA",2,"Ser-to-Leu"
"79965","rps2",548,"C",2298,0,297,0,2001,"c-to-u",917,"exon","coding","CCG",2,"Pro-to-Leu"
"80078","rps2",661,"C",1367,0,1029,0,338,"c-to-u",917,"exon","coding","CCA",1,"Pro-to-Ser"
"80079","rps2",662,"C",1355,0,123,0,1232,"c-to-u",917,"exon","coding","CCA",2,"Pro-to-Leu"
"80370","rps3",36,"C",47,0,37,0,10,"c-to-u",854,"exon","coding","CTC",3,"Silent"
"80380","rps3",46,"T",52,0,30,0,22,"u-to-c",854,"exon","coding","TAA",1,"STOP-to-Gln"
"80567","rps3",233,"C",285,0,233,0,52,"c-to-u",854,"exon","coding","ACG",2,"Thr-to-Met"
"81415","rps4",227,"C",303,0,77,0,226,"c-to-u",788,"exon","coding","CCG",2,"Pro-to-Leu"
"81439","rps4",251,"C",470,0,148,0,322,"c-to-u",788,"exon","coding","CCG",2,"Pro-to-Leu"
"82115","rps7",139,"T",3367,0,2439,0,928,"u-to-c",653,"exon","coding","TAA",1,"STOP-to-Gln"
"82257","rps7",281,"C",4896,0,539,0,4357,"c-to-u",653,"exon","coding","TCG",2,"Ser-to-Leu"
"82272","rps7",296,"C",4556,0,219,1,4336,"c-to-u",653,"exon","coding","TCA",2,"Ser-to-Leu"
"82763","rps8",134,"C",405,1,26,0,378,"c-to-u",599,"exon","coding","CCA",2,"Pro-to-Leu"
"82802","rps8",173,"C",401,0,282,0,119,"c-to-u",599,"exon","coding","TCT",2,"Ser-to-Phe"
"82946","rps8",317,"C",190,0,15,0,175,"c-to-u",599,"exon","coding","TCA",2,"Ser-to-Leu"
"83012","rps8",383,"C",62,0,9,0,53,"c-to-u",599,"exon","coding","TCA",2,"Ser-to-Leu"
"83014","rps8",385,"C",62,0,10,0,52,"c-to-u",599,"exon","coding","CGT",1,"Arg-to-Cys"
"83230","ycf1",2,"C",47,0,31,0,16,"c-to-u",5189,"exon","coding","ACG",2,"Thr-to-Met (Start Codon)"
"86233","ycf1",3005,"C",53,0,45,0,8,"c-to-u",5189,"exon","coding","TCG",2,"Ser-to-Leu"
"88906","ycf2",187,"T",696,0,125,0,571,"u-to-c",6572,"exon","coding","TGA",1,"STOP-to-Arg"
"92428","ycf2",3709,"T",53,0,40,0,13,"u-to-c",6572,"exon","coding","TAA",1,"STOP-to-Gln"
"93308","ycf2",4589,"C",120,0,23,0,97,"c-to-u",6572,"exon","coding","TCA",2,"Ser-to-Leu"
"93331","ycf2",4612,"T",122,0,100,0,22,"u-to-c",6572,"exon","coding","TAA",1,"STOP-to-Gln"
"95344","ycf3",53,"C",121,0,69,0,52,"c-to-u",2134,"exon","coding","CCA",2,"Pro-to-Leu"
"95359","ycf3",68,"C",111,0,50,0,61,"c-to-u",2134,"exon","coding","ACA",2,"Thr-to-Ile"
"95414","ycf3",123,"C",75,0,32,0,43,"c-to-u",2134,"exon","coding","GAC",3,"Silent"
"96195","ycf3",904,"C",292,0,118,1,173,"c-to-u",2134,"exon","coding","CCG",2,"Pro-to-Leu"
"96344","ycf3",1053,"C",396,0,271,0,125,"c-to-u",2134,"exon","coding","CTG",1,"Leu-to-Phe"
"97148","ycf3",1857,"C",465,0,129,0,336,"c-to-u",2134,"exon","coding","CGG",1,"Arg-to-Trp"
"12644","chlL",2,"C",267,0,35,0,232,"c-to-u",1078,"exon","coding","ACG",2,"Thr-to-Met (Start Codon)"
"12959","chlL",317,"C",970,0,45,0,925,"c-to-u",1078,"exon","coding","CCT",2,"Pro-to-Leu"
"13298","chlL",656,"C",2587,0,46,0,2541,"c-to-u",1078,"exon","coding","TCA",2,"Ser-to-Leu"
