,gene,position,ref,coverage,a,c,g,t,edit,gene_length,genic_region,coding,codon_seq,codon,AA_change
102,accD,2,C,789,0,140,0,649,c-to-u,1127,exon,coding,ACG,2,Thr-to-Met (Start Codon)
311,accD,211,C,1714,0,185,0,1529,c-to-u,1127,exon,coding,CGT,1,Arg-to-Cys
357,accD,257,C,1689,0,63,0,1626,c-to-u,1127,exon,coding,TCA,2,Ser-to-Leu
396,accD,296,C,1464,0,150,0,1314,c-to-u,1127,exon,coding,ACG,2,Thr-to-Met
531,accD,431,C,1125,1,50,1,1073,c-to-u,1127,exon,coding,CCT,2,Pro-to-Leu
830,accD,730,T,2219,0,1988,0,231,u-to-c,1127,exon,coding,TCT,1,Ser-to-Pro
872,accD,772,T,1901,0,1602,0,299,u-to-c,1127,exon,coding,TAA,1,STOP-to-Gln
879,accD,779,C,2313,0,141,0,2172,c-to-u,1127,exon,coding,TCG,2,Ser-to-Leu
921,accD,821,C,2068,1,241,1,1825,c-to-u,1127,exon,coding,TCA,2,Ser-to-Leu
996,accD,896,C,888,0,46,1,841,c-to-u,1127,exon,coding,CCT,2,Pro-to-Leu
1266,atpA,39,C,2088,0,1677,0,411,c-to-u,1724,exon,coding,ATC,3,Silent
1397,atpA,170,C,3495,3,282,1,3209,c-to-u,1724,exon,coding,TCC,2,Ser-to-Phe
1398,atpA,171,C,3496,0,269,0,3227,c-to-u,1724,exon,coding,TCC,3,Silent
1424,atpA,197,C,5323,0,316,2,5005,c-to-u,1724,exon,coding,TCG,2,Ser-to-Leu
1429,atpA,202,C,5386,0,4344,0,1042,c-to-u,1724,exon,coding,CCG,1,Pro-to-Ser
1430,atpA,203,C,5323,0,369,2,4952,c-to-u,1724,exon,coding,CCG,2,Pro-to-Leu
1457,atpA,230,C,5507,1,297,5,5204,c-to-u,1724,exon,coding,TCG,2,Ser-to-Leu
1460,atpA,233,C,5501,0,328,2,5171,c-to-u,1724,exon,coding,ACG,2,Thr-to-Met
1616,atpA,389,C,6879,0,419,5,6455,c-to-u,1724,exon,coding,TCG,2,Ser-to-Leu
1784,atpA,557,C,4032,0,333,0,3699,c-to-u,1724,exon,coding,TCA,2,Ser-to-Leu
2107,atpA,880,C,2115,0,194,1,1920,c-to-u,1724,exon,coding,CAT,1,His-to-Tyr
2254,atpA,1027,T,4827,1,4095,1,730,u-to-c,1724,exon,coding,TAA,1,STOP-to-Gln
2399,atpA,1172,C,6701,0,417,1,6283,c-to-u,1724,exon,coding,TCT,2,Ser-to-Phe
2576,atpA,1349,C,6299,1,521,2,5775,c-to-u,1724,exon,coding,TCA,2,Ser-to-Leu
3536,atpB,585,C,449,0,384,0,65,c-to-u,1682,exon,coding,TCC,3,Silent
3610,atpB,659,C,2217,0,160,0,2057,c-to-u,1682,exon,coding,ACT,2,Thr-to-Ile
4332,atpB,1381,C,3873,1,207,2,3663,c-to-u,1682,exon,coding,CCA,1,Pro-to-Ser
4368,atpB,1417,C,2736,0,181,1,2554,c-to-u,1682,exon,coding,CAT,1,His-to-Tyr
4372,atpB,1421,C,2622,0,233,3,2386,c-to-u,1682,exon,coding,CCA,2,Pro-to-Leu
4779,atpE,146,C,3104,0,243,5,2856,c-to-u,599,exon,coding,TCA,2,Ser-to-Leu
4818,atpE,185,C,2373,0,501,0,1872,c-to-u,599,exon,coding,CCA,2,Pro-to-Leu
5025,atpE,392,C,613,0,291,0,322,c-to-u,599,exon,coding,ACG,2,Thr-to-Met
6669,atpH,2,C,1729,0,69,0,1660,c-to-u,446,exon,coding,ACG,2,Thr-to-Met (Start Codon)
6837,atpH,170,C,7614,0,236,0,7378,c-to-u,446,exon,coding,TCA,2,Ser-to-Leu
6882,atpH,215,C,5380,0,197,1,5182,c-to-u,446,exon,coding,CCG,2,Pro-to-Leu
6891,atpH,224,C,4631,0,225,1,4405,c-to-u,446,exon,coding,TCA,2,Ser-to-Leu
7183,atpI,70,T,1170,0,801,0,369,u-to-c,947,exon,coding,TAA,1,STOP-to-Gln
7358,atpI,245,C,776,0,97,1,678,c-to-u,947,exon,coding,TCA,2,Ser-to-Leu
7424,atpI,311,C,1671,1,190,0,1480,c-to-u,947,exon,coding,CCA,2,Pro-to-Leu
7427,atpI,314,C,1679,0,179,0,1500,c-to-u,947,exon,coding,TCT,2,Ser-to-Phe
7457,atpI,344,C,2445,0,200,0,2245,c-to-u,947,exon,coding,TCG,2,Ser-to-Leu
7598,atpI,485,C,1741,0,173,0,1568,c-to-u,947,exon,coding,TCC,2,Ser-to-Phe
7599,atpI,486,C,1742,0,223,0,1519,c-to-u,947,exon,coding,TCC,3,Silent
7727,atpI,614,C,1996,0,190,0,1806,c-to-u,947,exon,coding,TCG,2,Ser-to-Leu
7778,atpI,665,C,1922,0,135,0,1787,c-to-u,947,exon,coding,TCG,2,Ser-to-Leu
8446,ccsA,386,C,2925,0,183,0,2742,c-to-u,1163,exon,coding,TCG,2,Ser-to-Leu
8811,ccsA,751,C,598,0,35,0,563,c-to-u,1163,exon,coding,CGG,1,Arg-to-Trp
8950,ccsA,890,C,1161,0,91,0,1070,c-to-u,1163,exon,coding,TCT,2,Ser-to-Phe
8953,ccsA,893,C,1167,0,55,0,1112,c-to-u,1163,exon,coding,TCA,2,Ser-to-Leu
10416,cemA,1193,C,659,0,109,0,550,c-to-u,1724,exon,coding,CCA,2,Pro-to-Leu
10458,cemA,1235,C,105,0,67,0,38,c-to-u,1724,exon,coding,TCA,2,Ser-to-Leu
10578,cemA,1355,C,1406,0,498,0,908,c-to-u,1724,exon,coding,TCA,2,Ser-to-Leu
10960,chlB,13,C,2008,1,421,0,1586,c-to-u,1745,exon,coding,CAT,1,His-to-Tyr
11059,chlB,112,C,2036,0,318,0,1718,c-to-u,1745,exon,coding,CAT,1,His-to-Tyr
11197,chlB,250,T,4042,0,2888,1,1153,u-to-c,1745,exon,coding,TAA,1,STOP-to-Gln
11468,chlB,521,C,2748,1,418,1,2328,c-to-u,1745,exon,coding,CCA,2,Pro-to-Leu
11509,chlB,562,C,2621,0,1001,0,1620,c-to-u,1745,exon,coding,CTA,1,Leu-to-Phe
11522,chlB,575,C,2034,0,234,1,1799,c-to-u,1745,exon,coding,TCG,2,Ser-to-Leu
11535,chlB,588,C,2029,0,1521,0,508,c-to-u,1745,exon,coding,ATC,3,Silent
11603,chlB,656,C,1603,0,240,0,1363,c-to-u,1745,exon,coding,ACA,2,Thr-to-Ile
11879,chlB,932,C,1804,0,204,0,1600,c-to-u,1745,exon,coding,TCT,2,Ser-to-Phe
11980,chlB,1033,C,3567,0,311,0,3256,c-to-u,1745,exon,coding,CGG,1,Arg-to-Trp
12173,chlB,1226,C,2604,0,265,1,2338,c-to-u,1745,exon,coding,TCA,2,Ser-to-Leu
12266,chlB,1319,C,1035,0,121,0,914,c-to-u,1745,exon,coding,TCG,2,Ser-to-Leu
12694,chlL,2,C,391,0,68,0,323,c-to-u,1079,exon,coding,ACG,2,Thr-to-Met (Start Codon)
12854,chlL,162,T,1644,0,631,2,1011,u-to-c,1079,exon,coding,ATT,3,Silent
12962,chlL,270,C,38,0,33,0,5,c-to-u,1079,exon,coding,CCC,3,Silent
13009,chlL,317,C,674,0,98,0,576,c-to-u,1079,exon,coding,CCT,2,Pro-to-Leu
13054,chlL,362,C,1739,0,132,0,1607,c-to-u,1079,exon,coding,TCT,2,Ser-to-Phe
13904,chlN,133,C,1844,0,88,0,1756,c-to-u,1589,exon,coding,CGT,1,Arg-to-Cys
14089,chlN,318,C,1224,0,687,0,537,c-to-u,1589,exon,coding,ACC,3,Silent
16246,clpP,886,C,769,0,264,0,505,c-to-u,2206,exon,coding,CCA,2,Pro-to-Leu
16456,clpP,1096,C,1218,0,73,0,1145,c-to-u,2206,exon,coding,TCT,2,Ser-to-Phe
17203,clpP,1843,C,1563,0,15,0,1548,c-to-u,2206,exon,coding,GCG,2,Ala-to-Val
17206,clpP,1846,C,1567,0,24,2,1541,c-to-u,2206,exon,coding,TCA,2,Ser-to-Leu
17633,infA,67,T,173,0,64,0,109,u-to-c,440,exon,coding,TGA,1,STOP-to-Arg
17637,infA,71,C,162,0,24,0,138,c-to-u,440,exon,coding,GCA,2,Ala-to-Val
17687,infA,121,T,187,0,65,0,122,u-to-c,440,exon,coding,TGA,1,STOP-to-Arg
17730,infA,164,C,277,0,79,0,198,c-to-u,440,exon,coding,GCC,2,Ala-to-Val
17731,infA,165,C,279,0,250,0,29,c-to-u,440,exon,coding,GCC,3,Silent
18406,matK,400,C,262,0,191,0,71,c-to-u,1664,exon,coding,CTA,1,Leu-to-Phe
18989,matK,983,C,109,0,36,0,73,c-to-u,1664,exon,coding,TCG,2,Ser-to-Leu
19184,matK,1178,C,197,0,119,0,78,c-to-u,1664,exon,coding,TCA,2,Ser-to-Leu
19367,matK,1361,T,113,0,55,0,58,u-to-c,1664,exon,coding,CTA,2,Leu-to-Pro
19713,ndhA,43,C,366,0,287,0,79,c-to-u,2101,exon,coding,CTT,1,Leu-to-Phe
19830,ndhA,160,T,492,0,124,0,368,u-to-c,2101,exon,coding,TGA,1,STOP-to-Arg
21288,ndhA,1618,C,306,0,107,0,199,c-to-u,2101,exon,coding,TCA,2,Ser-to-Leu
22268,ndhB,497,C,538,0,392,0,146,c-to-u,2416,exon,coding,ACG,2,Thr-to-Met
22337,ndhB,566,C,496,2,45,1,448,c-to-u,2416,exon,coding,ACT,2,Thr-to-Ile
23272,ndhB,1501,C,1647,0,1282,0,365,c-to-u,2416,exon,coding,GCT,2,Ala-to-Val
23275,ndhB,1504,C,1621,0,339,175,1107,c-to-u,2416,exon,coding,TCA,2,Ser-to-Leu
23541,ndhB,1770,C,1443,0,377,0,1066,c-to-u,2416,exon,coding,CGT,1,Arg-to-Cys
23551,ndhB,1780,C,1750,1,500,0,1249,c-to-u,2416,exon,coding,CCA,2,Pro-to-Leu
23632,ndhB,1861,C,2680,0,496,1,2183,c-to-u,2416,exon,coding,CCG,2,Pro-to-Leu
23640,ndhB,1869,C,2683,0,457,0,2226,c-to-u,2416,exon,coding,CGT,1,Arg-to-Cys
23644,ndhB,1873,C,2457,0,492,0,1965,c-to-u,2416,exon,coding,TCA,2,Ser-to-Leu
23647,ndhB,1876,C,2495,0,481,1,2013,c-to-u,2416,exon,coding,CCA,2,Pro-to-Leu
23671,ndhB,1900,C,2478,0,461,0,2017,c-to-u,2416,exon,coding,CCA,2,Pro-to-Leu
23694,ndhB,1923,C,2415,0,597,1,1817,c-to-u,2416,exon,coding,CAT,1,His-to-Tyr
23725,ndhB,1954,C,2157,0,483,1,1673,c-to-u,2416,exon,coding,TCG,2,Ser-to-Leu
23734,ndhB,1963,C,2321,0,746,1,1574,c-to-u,2416,exon,coding,TCG,2,Ser-to-Leu
23797,ndhB,2026,C,2350,0,519,2,1829,c-to-u,2416,exon,coding,TCA,2,Ser-to-Leu
24195,ndhC,8,C,554,0,151,0,403,c-to-u,563,exon,coding,TCA,2,Ser-to-Leu
24402,ndhC,215,C,1594,0,382,0,1212,c-to-u,563,exon,coding,TCT,2,Ser-to-Phe
24537,ndhC,350,C,540,0,89,0,451,c-to-u,563,exon,coding,CCG,2,Pro-to-Leu
24905,ndhD,155,C,5353,0,684,0,4669,c-to-u,1709,exon,coding,TCT,2,Ser-to-Phe
27357,ndhF,398,C,1094,0,224,0,870,c-to-u,2384,exon,coding,TCA,2,Ser-to-Leu
27363,ndhF,404,C,1021,0,194,0,827,c-to-u,2384,exon,coding,TCA,2,Ser-to-Leu
27581,ndhF,622,T,3993,0,2941,1,1051,u-to-c,2384,exon,coding,TGA,1,STOP-to-Arg
27945,ndhF,986,C,2006,0,427,0,1579,c-to-u,2384,exon,coding,TCA,2,Ser-to-Leu
28149,ndhF,1190,C,1185,0,101,0,1084,c-to-u,2384,exon,coding,ACA,2,Thr-to-Ile
28248,ndhF,1289,C,2670,0,429,2,2239,c-to-u,2384,exon,coding,TCA,2,Ser-to-Leu
28574,ndhF,1615,C,1046,0,871,1,174,c-to-u,2384,exon,coding,CTT,1,Leu-to-Phe
28863,ndhF,1904,T,940,0,272,0,668,u-to-c,2384,exon,coding,ATT,2,Ile-to-Thr
29345,ndhG,2,C,129,0,66,0,63,c-to-u,794,exon,coding,ACG,2,Thr-to-Met (Start Codon)
29384,ndhG,41,C,241,0,212,0,29,c-to-u,794,exon,coding,TCG,2,Ser-to-Leu
29426,ndhG,83,C,300,0,120,0,180,c-to-u,794,exon,coding,TCG,2,Ser-to-Leu
29702,ndhG,359,T,651,0,224,0,427,u-to-c,794,exon,coding,TTG,2,Leu-to-Ser
30139,ndhH,2,C,287,0,152,0,135,c-to-u,1385,exon,coding,ACG,2,Thr-to-Met (Start Codon)
30454,ndhH,317,C,880,0,268,3,609,c-to-u,1385,exon,coding,CCT,2,Pro-to-Leu
31062,ndhH,925,T,58,0,8,0,50,u-to-c,1385,exon,coding,TAC,1,Tyr-to-His
32581,ndhJ,340,C,2144,0,430,0,1714,c-to-u,713,exon,coding,CGG,1,Arg-to-Trp
32752,ndhJ,511,C,1390,0,259,1,1130,c-to-u,713,exon,coding,CAA,1,Gln-to-STOP
33161,ndhK,207,C,1350,0,609,0,741,c-to-u,947,exon,coding,TTC,3,Silent
33292,ndhK,338,C,1188,0,85,1,1102,c-to-u,947,exon,coding,CCG,2,Pro-to-Leu
33429,ndhK,475,C,923,0,88,1,834,c-to-u,947,exon,coding,CAT,1,His-to-Tyr
33478,ndhK,524,C,872,0,674,0,198,c-to-u,947,exon,coding,ACG,2,Thr-to-Met
34169,petA,268,T,3038,0,2854,0,184,u-to-c,1163,exon,coding,TAG,1,STOP-to-Gln
34178,petA,277,T,2913,0,2648,0,265,u-to-c,1163,exon,coding,TAA,1,STOP-to-Gln
34432,petA,531,C,1316,0,457,1,858,c-to-u,1163,exon,coding,TTC,3,Silent
35848,petB,784,C,6770,0,365,1,6404,c-to-u,1460,exon,coding,CAT,1,His-to-Tyr
36290,petB,1226,C,5350,0,367,1,4982,c-to-u,1460,exon,coding,ACG,2,Thr-to-Met
36322,petB,1258,C,6723,0,577,0,6146,c-to-u,1460,exon,coding,CAA,1,Gln-to-STOP
37291,petD,767,C,7865,0,227,6,7632,c-to-u,1343,exon,coding,TCA,2,Ser-to-Leu
37480,petD,956,C,5869,0,685,2,5182,c-to-u,1343,exon,coding,TCA,2,Ser-to-Leu
37594,petD,1070,C,7595,0,568,1,7026,c-to-u,1343,exon,coding,GCG,2,Ala-to-Val
37662,petD,1138,C,4418,0,369,1,4048,c-to-u,1343,exon,coding,CAA,1,Gln-to-STOP
37896,petG,29,C,6343,0,2643,1,3699,c-to-u,317,exon,coding,GCG,2,Ala-to-Val
37899,petG,32,C,6146,0,1138,3,5005,c-to-u,317,exon,coding,TCA,2,Ser-to-Leu
37905,petG,38,C,6579,0,1661,1,4917,c-to-u,317,exon,coding,TCG,2,Ser-to-Leu
38195,petL,11,C,3516,0,618,0,2898,c-to-u,296,exon,coding,CCA,2,Pro-to-Leu
38515,petN,35,C,1384,0,118,0,1266,c-to-u,290,exon,coding,ACG,2,Thr-to-Met
41225,psaB,2,C,7955,0,431,0,7524,c-to-u,2405,exon,coding,ACG,2,Thr-to-Met (Start Codon)
42084,psaB,861,T,7657,0,3159,2,4496,u-to-c,2405,exon,coding,GCT,3,Silent
42092,psaB,869,C,6970,0,272,6,6692,c-to-u,2405,exon,coding,ACG,2,Thr-to-Met
45978,psbB,2,C,7665,0,387,2,7276,c-to-u,1727,exon,coding,ACG,2,Thr-to-Met (Start Codon)
46006,psbB,30,C,7469,0,6319,0,1150,c-to-u,1727,exon,coding,ACC,3,Silent
46092,psbB,116,C,6752,0,420,0,6332,c-to-u,1727,exon,coding,TCG,2,Ser-to-Leu
52169,psbJ,74,C,7836,0,390,1,7445,c-to-u,323,exon,coding,ACA,2,Thr-to-Ile
52173,psbJ,78,C,7897,0,4371,1,3525,c-to-u,323,exon,coding,GGC,3,Silent
52833,psbL,38,C,6574,0,178,1,6395,c-to-u,317,exon,coding,CCG,2,Pro-to-Leu
52866,psbL,71,C,7985,0,266,0,7719,c-to-u,317,exon,coding,CCG,2,Pro-to-Leu
52887,psbL,92,C,6573,0,279,1,6293,c-to-u,317,exon,coding,TCA,2,Ser-to-Leu
52890,psbL,95,C,6609,0,574,1,6034,c-to-u,317,exon,coding,TCT,2,Ser-to-Phe
53435,psbN,15,C,833,0,707,0,126,c-to-u,338,exon,coding,ACC,3,Silent
53443,psbN,23,C,885,0,414,0,471,c-to-u,338,exon,coding,TCA,2,Ser-to-Leu
53455,psbN,35,C,907,0,583,1,323,c-to-u,338,exon,coding,TCT,2,Ser-to-Phe
53458,psbN,38,C,910,0,592,0,318,c-to-u,338,exon,coding,ACA,2,Thr-to-Ile
54221,psbZ,158,C,5823,0,1018,1,4804,c-to-u,389,exon,coding,TCG,2,Ser-to-Leu
54234,psbZ,171,C,7765,2,1002,1,6760,c-to-u,389,exon,coding,CTC,3,Silent
56136,rpl14,56,C,120,0,15,0,105,c-to-u,569,exon,coding,TCA,2,Ser-to-Leu
56265,rpl14,185,C,683,0,46,0,637,c-to-u,569,exon,coding,GCA,2,Ala-to-Val
56270,rpl14,190,T,692,0,473,0,219,u-to-c,569,exon,coding,TGT,1,Cys-to-Arg
56341,rpl14,261,C,618,0,498,1,119,c-to-u,569,exon,coding,ATC,3,Silent
57789,rpl2,10,T,12,0,9,0,3,u-to-c,1761,exon,coding,TAA,1,STOP-to-Gln
57895,rpl2,116,T,0,0,0,0,0,NA,1761,exon,coding,ATA,2,NA
57897,rpl2,118,T,0,0,0,0,0,NA,1761,exon,coding,TCT,1,NA
57898,rpl2,119,C,0,0,0,0,0,NA,1761,exon,coding,TCT,2,NA
57899,rpl2,120,T,0,0,0,0,0,NA,1761,exon,coding,TCT,3,NA
57905,rpl2,126,C,0,0,0,0,0,NA,1761,exon,coding,AGC,3,NA
57909,rpl2,130,C,0,0,0,0,0,NA,1761,exon,coding,CGA,1,NA
57914,rpl2,135,T,0,0,0,0,0,NA,1761,exon,coding,AAT,3,NA
57917,rpl2,138,T,0,0,0,0,0,NA,1761,exon,coding,AAT,3,NA
57925,rpl2,146,T,0,0,0,0,0,NA,1761,exon,coding,ATT,2,NA
57926,rpl2,147,T,0,0,0,0,0,NA,1761,exon,coding,ATT,3,NA
57928,rpl2,149,T,0,0,0,0,0,NA,1761,exon,coding,ATA,2,NA
57931,rpl2,152,C,0,0,0,0,0,NA,1761,exon,coding,ACG,2,NA
57935,rpl2,156,T,0,0,0,0,0,NA,1761,exon,coding,AGT,3,NA
57939,rpl2,160,C,0,0,0,0,0,NA,1761,exon,coding,CAC,1,NA
57941,rpl2,162,C,0,0,0,0,0,NA,1761,exon,coding,CAC,3,NA
57950,rpl2,171,T,0,0,0,0,0,NA,1761,exon,coding,GGT,3,NA
58908,rpl2,1129,T,75,0,10,0,65,u-to-c,1761,exon,coding,ACT,3,Silent
58935,rpl2,1156,C,61,0,54,0,7,c-to-u,1761,exon,coding,CAC,3,Silent
58953,rpl2,1174,T,62,0,7,0,55,u-to-c,1761,exon,coding,TCT,3,Silent
58966,rpl2,1187,T,42,0,20,0,22,u-to-c,1761,exon,coding,TAA,1,STOP-to-Gln
59043,rpl2,1264,T,141,0,25,0,116,u-to-c,1761,exon,coding,TCT,3,Silent
59766,rpl20,226,C,1248,0,129,0,1119,c-to-u,557,exon,coding,CAT,1,His-to-Tyr
60161,rpl21,64,C,53,0,29,0,24,c-to-u,536,exon,coding,CAC,1,His-to-Tyr
60292,rpl21,195,T,3329,0,994,3,2332,u-to-c,536,exon,coding,GTT,3,Silent
60408,rpl21,311,C,4191,0,638,1,3552,c-to-u,536,exon,coding,ACA,2,Thr-to-Ile
60761,rpl22,128,C,509,0,153,0,356,c-to-u,569,exon,coding,TCA,2,Ser-to-Leu
60764,rpl22,131,C,498,0,64,1,433,c-to-u,569,exon,coding,CCC,2,Pro-to-Leu
60765,rpl22,132,C,518,0,322,0,196,c-to-u,569,exon,coding,CCC,3,Silent
60977,rpl22,344,C,40,0,26,0,14,c-to-u,569,exon,coding,TCA,2,Ser-to-Leu
61314,rpl23,112,C,277,0,60,0,217,c-to-u,482,exon,coding,CGG,1,Arg-to-Trp
61358,rpl23,156,C,214,0,191,0,23,c-to-u,482,exon,coding,AGC,3,Silent
61465,rpl23,263,C,146,0,77,0,69,c-to-u,482,exon,coding,TCC,2,Ser-to-Phe
62934,rpoA,161,C,274,0,59,0,215,c-to-u,1214,exon,coding,TCG,2,Ser-to-Leu
63014,rpoA,241,T,269,0,181,0,88,u-to-c,1214,exon,coding,TAA,1,STOP-to-Gln
63044,rpoA,271,C,317,0,122,0,195,c-to-u,1214,exon,coding,CCA,1,Pro-to-Ser
63045,rpoA,272,C,318,0,87,0,231,c-to-u,1214,exon,coding,CCA,2,Pro-to-Leu
63096,rpoA,323,C,398,0,55,0,343,c-to-u,1214,exon,coding,TCA,2,Ser-to-Leu
63207,rpoA,434,C,602,0,21,1,580,c-to-u,1214,exon,coding,TCA,2,Ser-to-Leu
63369,rpoA,596,C,889,0,87,0,802,c-to-u,1214,exon,coding,TCA,2,Ser-to-Leu
63399,rpoA,626,C,784,0,90,0,694,c-to-u,1214,exon,coding,CCA,2,Pro-to-Leu
63534,rpoA,761,C,554,0,491,0,63,c-to-u,1214,exon,coding,TCT,2,Ser-to-Phe
63694,rpoA,921,C,703,0,508,0,195,c-to-u,1214,exon,coding,CTC,3,Silent
63696,rpoA,923,C,697,0,119,1,577,c-to-u,1214,exon,coding,TCA,2,Ser-to-Leu
64114,rpoB,127,T,435,0,56,0,379,u-to-c,3422,exon,coding,TGA,1,STOP-to-Arg
64202,rpoB,215,C,228,0,179,0,49,c-to-u,3422,exon,coding,CCA,2,Pro-to-Leu
64216,rpoB,229,T,223,0,33,0,190,u-to-c,3422,exon,coding,TAA,1,STOP-to-Gln
64435,rpoB,448,T,0,0,0,0,0,NA,3422,exon,coding,TTT,1,NA
64436,rpoB,449,T,0,0,0,0,0,NA,3422,exon,coding,TTT,2,NA
64437,rpoB,450,T,0,0,0,0,0,NA,3422,exon,coding,TTT,3,NA
64631,rpoB,644,C,79,0,68,0,11,c-to-u,3422,exon,coding,GCA,2,Ala-to-Val
64649,rpoB,662,C,73,0,65,0,8,c-to-u,3422,exon,coding,CCT,2,Pro-to-Leu
64805,rpoB,818,C,126,0,96,0,30,c-to-u,3422,exon,coding,TCG,2,Ser-to-Leu
64975,rpoB,988,T,64,0,14,0,50,u-to-c,3422,exon,coding,TAA,1,STOP-to-Gln
65681,rpoB,1694,C,212,0,135,0,77,c-to-u,3422,exon,coding,TCG,2,Ser-to-Leu
65942,rpoB,1955,C,20,0,17,0,3,c-to-u,3422,exon,coding,CCA,2,Pro-to-Leu
66209,rpoB,2222,C,5,0,4,0,1,c-to-u,3422,exon,coding,TCG,2,Ser-to-Leu
66272,rpoB,2285,C,245,0,91,0,154,c-to-u,3422,exon,coding,TCA,2,Ser-to-Leu
66608,rpoB,2621,C,353,0,187,0,166,c-to-u,3422,exon,coding,CCG,2,Pro-to-Leu
66707,rpoB,2720,C,333,0,174,0,159,c-to-u,3422,exon,coding,CCT,2,Pro-to-Leu
66974,rpoB,2987,C,167,0,138,0,29,c-to-u,3422,exon,coding,TCA,2,Ser-to-Leu
67055,rpoB,3068,C,237,0,115,0,122,c-to-u,3422,exon,coding,CCT,2,Pro-to-Leu
67138,rpoB,3151,C,212,0,119,0,93,c-to-u,3422,exon,coding,CGT,1,Arg-to-Cys
67524,rpoC1,115,T,208,0,44,0,164,u-to-c,2996,exon,coding,TAA,1,STOP-to-Gln
67573,rpoC1,164,C,183,0,124,0,59,c-to-u,2996,exon,coding,CCA,2,Pro-to-Leu
67795,rpoC1,386,C,510,0,244,0,266,c-to-u,2996,exon,coding,TCA,2,Ser-to-Leu
67828,rpoC1,419,C,301,0,162,0,139,c-to-u,2996,exon,coding,CCA,2,Pro-to-Leu
68812,rpoC1,1403,C,79,0,49,0,30,c-to-u,2996,exon,coding,TCG,2,Ser-to-Leu
69076,rpoC1,1667,C,120,0,84,0,36,c-to-u,2996,exon,coding,TCA,2,Ser-to-Leu
69181,rpoC1,1772,C,137,0,64,0,73,c-to-u,2996,exon,coding,ACG,2,Thr-to-Met
69396,rpoC1,1987,T,255,0,103,0,152,u-to-c,2996,exon,coding,TGA,1,STOP-to-Arg
69594,rpoC1,2185,C,170,0,40,0,130,c-to-u,2996,exon,coding,CGT,1,Arg-to-Cys
69604,rpoC1,2195,C,165,0,61,0,104,c-to-u,2996,exon,coding,TCT,2,Ser-to-Phe
70575,rpoC2,170,C,1371,0,286,1,1084,c-to-u,4448,exon,coding,TCA,2,Ser-to-Leu
70737,rpoC2,332,C,2274,1,1206,0,1067,c-to-u,4448,exon,coding,TCA,2,Ser-to-Leu
71245,rpoC2,840,T,286,0,30,0,256,u-to-c,4448,exon,coding,CAT,3,Silent
71306,rpoC2,901,C,320,0,179,0,141,c-to-u,4448,exon,coding,CGG,1,Arg-to-Trp
73183,rpoC2,2778,C,93,0,75,0,18,c-to-u,4448,exon,coding,GCC,3,Silent
74189,rpoC2,3784,T,66,0,40,0,26,u-to-c,4448,exon,coding,TGC,1,Cys-to-Arg
75668,rps12,219,C,4695,0,3987,1,707,c-to-u,775,exon,coding,CAC,3,Silent
75673,rps12,224,C,4491,0,2356,2,2133,c-to-u,775,exon,coding,TCG,2,Ser-to-Leu
76472,rps14,248,C,5800,0,553,4,5243,c-to-u,503,exon,coding,CCT,2,Pro-to-Leu
79253,rps2,16,C,298,0,215,0,83,c-to-u,917,exon,coding,CGG,1,Arg-to-Trp
79416,rps2,179,C,917,0,135,2,780,c-to-u,917,exon,coding,TCG,2,Ser-to-Leu
79667,rps2,430,T,1267,4,816,0,447,u-to-c,917,exon,coding,TAA,1,STOP-to-Gln
79719,rps2,482,C,1744,0,698,0,1046,c-to-u,917,exon,coding,TCA,2,Ser-to-Leu
79734,rps2,497,C,2117,0,478,0,1639,c-to-u,917,exon,coding,ACA,2,Thr-to-Ile
79737,rps2,500,C,2107,0,413,0,1694,c-to-u,917,exon,coding,ACT,2,Thr-to-Ile
79899,rps2,662,C,1561,0,297,0,1264,c-to-u,917,exon,coding,TCA,2,Ser-to-Leu
80190,rps3,36,C,65,0,18,0,47,c-to-u,854,exon,coding,CTC,3,Silent
80200,rps3,46,T,65,0,32,0,33,u-to-c,854,exon,coding,TAA,1,STOP-to-Gln
80764,rps3,610,C,180,0,9,0,171,c-to-u,854,exon,coding,CGT,1,Arg-to-Cys
81235,rps4,227,C,887,1,293,0,593,c-to-u,788,exon,coding,CCG,2,Pro-to-Leu
81259,rps4,251,C,831,0,337,0,494,c-to-u,788,exon,coding,CCA,2,Pro-to-Leu
81935,rps7,139,T,4653,0,3531,0,1122,u-to-c,653,exon,coding,TAA,1,STOP-to-Gln
82077,rps7,281,C,7374,0,1082,1,6291,c-to-u,653,exon,coding,TCG,2,Ser-to-Leu
82092,rps7,296,C,7005,0,1030,2,5973,c-to-u,653,exon,coding,TCA,2,Ser-to-Leu
82766,rps8,317,C,2,0,0,0,2,c-to-u,599,exon,coding,TCA,2,Ser-to-Leu
83050,ycf1,2,C,1162,0,868,0,294,c-to-u,5252,exon,coding,ACG,2,Thr-to-Met (Start Codon)
86317,ycf1,3269,C,124,0,105,0,19,c-to-u,5252,exon,coding,TCA,2,Ser-to-Leu
87683,ycf1,4635,C,115,0,102,0,13,c-to-u,5252,exon,coding,ATC,3,Silent
88487,ycf2,187,T,3599,0,519,0,3080,u-to-c,6560,exon,coding,TGA,1,STOP-to-Arg
89867,ycf2,1567,T,510,0,269,1,240,u-to-c,6560,exon,coding,TAA,1,STOP-to-Gln
91902,ycf2,3602,C,410,0,75,1,334,c-to-u,6560,exon,coding,TCG,2,Ser-to-Leu
91991,ycf2,3691,T,254,0,201,0,53,u-to-c,6560,exon,coding,TAA,1,STOP-to-Gln
92691,ycf2,4391,C,483,0,106,0,377,c-to-u,6560,exon,coding,CCA,2,Pro-to-Leu
92871,ycf2,4571,C,597,0,112,0,485,c-to-u,6560,exon,coding,TCA,2,Ser-to-Leu
92894,ycf2,4594,T,604,0,356,0,248,u-to-c,6560,exon,coding,TAA,1,STOP-to-Gln
94913,ycf3,53,C,135,0,89,0,46,c-to-u,2116,exon,coding,TCA,2,Ser-to-Leu
94928,ycf3,68,C,141,0,83,0,58,c-to-u,2116,exon,coding,ACA,2,Thr-to-Ile
95952,ycf3,1092,C,647,0,200,0,447,c-to-u,2116,exon,coding,CAC,1,His-to-Tyr
96702,ycf3,1842,C,1546,0,616,1,929,c-to-u,2116,exon,coding,CGG,1,Arg-to-Trp
97041,ycf4,65,C,916,0,802,0,114,c-to-u,755,exon,coding,TCG,2,Ser-to-Leu
97733,ycf94,2,C,358,0,308,0,50,c-to-u,413,exon,coding,ACG,2,Thr-to-Met (Start Codon)
97781,ycf94,50,C,472,0,265,0,207,c-to-u,413,exon,coding,TCT,2,Ser-to-Phe