"","gene","position","ref","coverage","a","c","g","t","edit","gene_length","genic_region","coding","codon_seq","codon","AA_change"
"102","accD",2,"C",1171,0,949,0,222,"c-to-u",1124,"exon","coding","ACG",2,"Thr-to-Met (Start Codon)"
"311","accD",211,"C",1445,0,693,2,750,"c-to-u",1124,"exon","coding","CGT",1,"Arg-to-Cys"
"357","accD",257,"C",2034,1,755,0,1278,"c-to-u",1124,"exon","coding","TCA",2,"Ser-to-Leu"
"396","accD",296,"C",1825,0,808,2,1015,"c-to-u",1124,"exon","coding","ACG",2,"Thr-to-Met"
"437","accD",337,"C",1594,1,689,4,900,"c-to-u",1124,"exon","coding","CAT",1,"His-to-Tyr"
"531","accD",431,"C",1925,1,738,2,1184,"c-to-u",1124,"exon","coding","CCT",2,"Pro-to-Leu"
"762","accD",662,"C",1206,1,523,1,681,"c-to-u",1124,"exon","coding","CCT",2,"Pro-to-Leu"
"830","accD",730,"T",2346,1,1855,1,489,"u-to-c",1124,"exon","coding","TCT",1,"Ser-to-Pro"
"872","accD",772,"T",1016,1,528,0,487,"u-to-c",1124,"exon","coding","TAA",1,"STOP-to-Gln"
"921","accD",821,"C",574,0,342,0,232,"c-to-u",1124,"exon","coding","TCA",2,"Ser-to-Leu"
"945","accD",845,"C",533,0,345,0,188,"c-to-u",1124,"exon","coding","TCA",2,"Ser-to-Leu"
"996","accD",896,"C",370,0,237,0,133,"c-to-u",1124,"exon","coding","CCT",2,"Pro-to-Leu"
"1394","atpA",170,"C",7384,2,1233,4,6145,"c-to-u",1724,"exon","coding","TCT",2,"Ser-to-Phe"
"1421","atpA",197,"C",7570,3,867,5,6695,"c-to-u",1724,"exon","coding","TCG",2,"Ser-to-Leu"
"1454","atpA",230,"C",2669,1,503,6,2159,"c-to-u",1724,"exon","coding","TCG",2,"Ser-to-Leu"
"1457","atpA",233,"C",2672,1,476,3,2192,"c-to-u",1724,"exon","coding","ACG",2,"Thr-to-Met"
"1613","atpA",389,"C",3203,1,733,4,2465,"c-to-u",1724,"exon","coding","TCG",2,"Ser-to-Leu"
"1781","atpA",557,"C",2252,1,736,3,1512,"c-to-u",1724,"exon","coding","CCA",2,"Pro-to-Leu"
"2104","atpA",880,"C",2426,2,684,3,1737,"c-to-u",1724,"exon","coding","CAT",1,"His-to-Tyr"
"2251","atpA",1027,"T",5106,3,3604,2,1497,"u-to-c",1724,"exon","coding","TAA",1,"STOP-to-Gln"
"2255","atpA",1031,"C",4799,4,1605,12,3178,"c-to-u",1724,"exon","coding","ACA",2,"Thr-to-Ile"
"2396","atpA",1172,"C",3872,2,581,2,3287,"c-to-u",1724,"exon","coding","TCT",2,"Ser-to-Phe"
"2573","atpA",1349,"C",874,1,272,0,601,"c-to-u",1724,"exon","coding","TCA",2,"Ser-to-Leu"
"2672","atpA",1448,"C",2750,0,422,0,2328,"c-to-u",1724,"exon","coding","TCT",2,"Ser-to-Phe"
"3046","atpB",98,"C",3571,1,436,1,3133,"c-to-u",1682,"exon","coding","TCT",2,"Ser-to-Phe"
"3490","atpB",542,"C",7772,3,1388,5,6376,"c-to-u",1682,"exon","coding","ACG",2,"Thr-to-Met"
"3496","atpB",548,"C",7747,2,1325,4,6416,"c-to-u",1682,"exon","coding","TCG",2,"Ser-to-Leu"
"3589","atpB",641,"C",5514,5,1521,8,3980,"c-to-u",1682,"exon","coding","ACG",2,"Thr-to-Met"
"3607","atpB",659,"C",7406,2,1451,9,5944,"c-to-u",1682,"exon","coding","ACT",2,"Thr-to-Ile"
"3694","atpB",746,"C",3109,2,862,6,2239,"c-to-u",1682,"exon","coding","TCA",2,"Ser-to-Leu"
"4329","atpB",1381,"C",1769,1,346,0,1422,"c-to-u",1682,"exon","coding","CCC",1,"Pro-to-Ser"
"4369","atpB",1421,"C",3818,1,503,3,3311,"c-to-u",1682,"exon","coding","CCA",2,"Pro-to-Leu"
"4681","atpE",51,"C",4144,7,2805,8,1324,"c-to-u",599,"exon","coding","TCC",3,"Silent"
"4688","atpE",58,"T",4028,3,2931,14,1080,"u-to-c",599,"exon","coding","TGG",1,"Trp-to-Arg"
"4776","atpE",146,"C",3340,2,711,6,2621,"c-to-u",599,"exon","coding","TCG",2,"Ser-to-Leu"
"5231","atpF",2,"C",1107,0,546,2,559,"c-to-u",1424,"exon","coding","ACG",2,"Thr-to-Met (Start Codon)"
"6655","atpH",2,"C",1614,1,851,7,755,"c-to-u",446,"exon","coding","ACG",2,"Thr-to-Met (Start Codon)"
"6823","atpH",170,"C",1656,0,450,0,1206,"c-to-u",446,"exon","coding","TCA",2,"Ser-to-Leu"
"6856","atpH",203,"C",2885,0,498,4,2383,"c-to-u",446,"exon","coding","TCA",2,"Ser-to-Leu"
"6874","atpH",221,"C",3173,0,665,0,2508,"c-to-u",446,"exon","coding","CCG",2,"Pro-to-Leu"
"6877","atpH",224,"C",3154,0,520,0,2634,"c-to-u",446,"exon","coding","TCA",2,"Ser-to-Leu"
"6891","atpH",238,"C",3087,0,580,1,2506,"c-to-u",446,"exon","coding","CTT",1,"Leu-to-Phe"
"7169","atpI",70,"T",2240,2,1276,8,954,"u-to-c",947,"exon","coding","TAA",1,"STOP-to-Gln"
"7332","atpI",233,"C",3245,1,774,4,2466,"c-to-u",947,"exon","coding","TCT",2,"Ser-to-Phe"
"7344","atpI",245,"C",2002,1,564,1,1436,"c-to-u",947,"exon","coding","TCA",2,"Ser-to-Leu"
"7410","atpI",311,"C",1009,0,394,2,613,"c-to-u",947,"exon","coding","CCA",2,"Pro-to-Leu"
"7413","atpI",314,"C",1027,0,467,2,558,"c-to-u",947,"exon","coding","TCT",2,"Ser-to-Phe"
"7544","atpI",445,"C",1381,0,505,0,876,"c-to-u",947,"exon","coding","CAT",1,"His-to-Tyr"
"7584","atpI",485,"C",991,2,420,2,567,"c-to-u",947,"exon","coding","TCC",2,"Ser-to-Phe"
"7585","atpI",486,"C",990,2,468,0,520,"c-to-u",947,"exon","coding","TCC",3,"Silent"
"7640","atpI",541,"C",1270,0,521,1,748,"c-to-u",947,"exon","coding","CTC",1,"Leu-to-Phe"
"7713","atpI",614,"C",1080,0,395,1,684,"c-to-u",947,"exon","coding","CCG",2,"Pro-to-Leu"
"7764","atpI",665,"C",1882,1,495,1,1385,"c-to-u",947,"exon","coding","TCA",2,"Ser-to-Leu"
"8435","ccsA",389,"C",596,1,286,0,309,"c-to-u",1154,"exon","coding","TCG",2,"Ser-to-Leu"
"8471","ccsA",425,"C",449,0,132,1,316,"c-to-u",1154,"exon","coding","ACG",2,"Thr-to-Met"
"8492","ccsA",446,"C",528,1,173,0,354,"c-to-u",1154,"exon","coding","TCA",2,"Ser-to-Leu"
"8788","ccsA",742,"C",4019,2,673,14,3330,"c-to-u",1154,"exon","coding","CGG",1,"Arg-to-Trp"
"10405","cemA",1205,"C",955,0,437,0,518,"c-to-u",1694,"exon","coding","TCA",2,"Ser-to-Leu"
"10442","cemA",1242,"T",978,0,137,1,840,"u-to-c",1694,"exon","coding","AAT",3,"Silent"
"11006","chlB",112,"C",1120,2,442,2,674,"c-to-u",1745,"exon","coding","CAC",1,"His-to-Tyr"
"11144","chlB",250,"T",2048,2,1080,3,963,"u-to-c",1745,"exon","coding","TAA",1,"STOP-to-Gln"
"11456","chlB",562,"C",817,1,733,1,82,"c-to-u",1745,"exon","coding","CTA",1,"Leu-to-Phe"
"11460","chlB",566,"C",807,1,473,2,331,"c-to-u",1745,"exon","coding","TCT",2,"Ser-to-Phe"
"11469","chlB",575,"C",838,0,488,0,350,"c-to-u",1745,"exon","coding","TCG",2,"Ser-to-Leu"
"11927","chlB",1033,"C",1977,1,590,2,1384,"c-to-u",1745,"exon","coding","CGG",1,"Arg-to-Trp"
"12213","chlB",1319,"C",1213,1,459,0,753,"c-to-u",1745,"exon","coding","TCA",2,"Ser-to-Leu"
"12641","chlL",2,"C",1790,0,777,3,1010,"c-to-u",1079,"exon","coding","ACG",2,"Thr-to-Met (Start Codon)"
"12776","chlL",137,"C",6231,6,571,6,5648,"c-to-u",1079,"exon","coding","TCA",2,"Ser-to-Leu"
"12956","chlL",317,"C",7645,3,1096,7,6539,"c-to-u",1079,"exon","coding","CCT",2,"Pro-to-Leu"
"13001","chlL",362,"C",5758,4,1041,3,4710,"c-to-u",1079,"exon","coding","TCT",2,"Ser-to-Phe"
"13293","chlL",654,"C",1448,0,998,1,449,"c-to-u",1079,"exon","coding","ACC",3,"Silent"
"13885","chlN",167,"C",3237,2,706,7,2522,"c-to-u",1592,"exon","coding","ACG",2,"Thr-to-Met"
"14722","chlN",1004,"C",1422,2,354,3,1063,"c-to-u",1592,"exon","coding","TCA",2,"Ser-to-Leu"
"15001","chlN",1283,"C",764,1,253,1,509,"c-to-u",1592,"exon","coding","TCC",2,"Ser-to-Phe"
"15002","chlN",1284,"C",778,0,670,0,108,"c-to-u",1592,"exon","coding","TCC",3,"Silent"
"16179","clpP",869,"C",1773,2,985,4,782,"c-to-u",2171,"exon","coding","TCA",2,"Ser-to-Leu"
"16389","clpP",1079,"C",1171,0,757,1,413,"c-to-u",2171,"exon","coding","TCC",2,"Ser-to-Phe"
"16390","clpP",1080,"C",1157,0,734,0,423,"c-to-u",2171,"exon","coding","TCC",3,"Silent"
"17118","clpP",1808,"C",1547,1,909,0,637,"c-to-u",2171,"exon","coding","GCG",2,"Ala-to-Val"
"17121","clpP",1811,"C",1577,1,967,1,608,"c-to-u",2171,"exon","coding","TCA",2,"Ser-to-Leu"
"17548","infA",67,"T",767,0,437,0,330,"u-to-c",443,"exon","coding","TGA",1,"STOP-to-Arg"
"17602","infA",121,"T",737,0,342,0,395,"u-to-c",443,"exon","coding","TGA",1,"STOP-to-Arg"
"17645","infA",164,"C",649,0,276,0,373,"c-to-u",443,"exon","coding","ACC",2,"Thr-to-Ile"
"17926","matK",2,"C",187,1,135,0,51,"c-to-u",1685,"exon","coding","ACG",2,"Thr-to-Met (Start Codon)"
"18025","matK",101,"C",136,0,108,0,28,"c-to-u",1685,"exon","coding","CCG",2,"Pro-to-Leu"
"18400","matK",476,"C",319,0,271,0,48,"c-to-u",1685,"exon","coding","CCA",2,"Pro-to-Leu"
"18904","matK",980,"C",135,0,117,1,17,"c-to-u",1685,"exon","coding","TCG",2,"Ser-to-Leu"
"19384","matK",1460,"C",168,0,76,1,91,"c-to-u",1685,"exon","coding","TCT",2,"Ser-to-Phe"
"19769","ndhA",160,"T",2111,1,496,6,1608,"u-to-c",2140,"exon","coding","TGA",1,"STOP-to-Arg"
"19995","ndhA",386,"C",963,0,617,0,346,"c-to-u",2140,"exon","coding","TCA",2,"Ser-to-Leu"
"21260","ndhA",1651,"C",1004,2,569,1,432,"c-to-u",2140,"exon","coding","TCA",2,"Ser-to-Leu"
"21832","ndhB",83,"C",165,0,99,1,65,"c-to-u",2481,"exon","coding","ACT",2,"Thr-to-Ile"
"22237","ndhB",488,"C",1408,0,463,1,944,"c-to-u",2481,"exon","coding","ACG",2,"Thr-to-Met"
"23461","ndhB",1712,"C",946,1,390,2,553,"c-to-u",2481,"exon","coding","CCT",1,"Pro-to-Ser"
"23683","ndhB",1934,"C",718,0,536,1,181,"c-to-u",2481,"exon","coding","CGT",1,"Arg-to-Cys"
"23690","ndhB",1941,"C",405,0,232,0,173,"c-to-u",2481,"exon","coding","TCA",2,"Ser-to-Leu"
"23714","ndhB",1965,"C",1006,1,674,0,331,"c-to-u",2481,"exon","coding","TCA",2,"Ser-to-Leu"
"23737","ndhB",1988,"C",947,1,423,0,523,"c-to-u",2481,"exon","coding","CAT",1,"His-to-Tyr"
"23768","ndhB",2019,"C",926,0,300,2,624,"c-to-u",2481,"exon","coding","TCG",2,"Ser-to-Leu"
"23840","ndhB",2091,"C",504,0,370,0,134,"c-to-u",2481,"exon","coding","TCA",2,"Ser-to-Leu"
"24238","ndhC",8,"C",1106,2,593,1,510,"c-to-u",563,"exon","coding","CCA",2,"Pro-to-Leu"
"24414","ndhC",184,"C",1858,0,698,1,1159,"c-to-u",563,"exon","coding","CAT",1,"His-to-Tyr"
"24445","ndhC",215,"C",1690,1,761,1,927,"c-to-u",563,"exon","coding","TCC",2,"Ser-to-Phe"
"24520","ndhC",290,"C",1486,3,512,0,971,"c-to-u",563,"exon","coding","GCT",2,"Ala-to-Val"
"24580","ndhC",350,"C",472,0,338,0,134,"c-to-u",563,"exon","coding","CCG",2,"Pro-to-Leu"
"25101","ndhD",308,"C",770,0,237,0,533,"c-to-u",1709,"exon","coding","TCA",2,"Ser-to-Leu"
"25395","ndhD",602,"C",1651,0,658,2,991,"c-to-u",1709,"exon","coding","TCA",2,"Ser-to-Leu"
"26166","ndhD",1373,"C",1241,0,334,0,907,"c-to-u",1709,"exon","coding","CCC",2,"Pro-to-Leu"
"26606","ndhE",104,"C",2272,0,678,1,1593,"c-to-u",500,"exon","coding","CCA",2,"Pro-to-Leu"
"27406","ndhF",404,"C",821,0,551,0,270,"c-to-u",2381,"exon","coding","TCA",2,"Ser-to-Leu"
"27624","ndhF",622,"T",1106,0,301,0,805,"u-to-c",2381,"exon","coding","TGA",1,"STOP-to-Arg"
"28192","ndhF",1190,"C",1361,0,445,1,915,"c-to-u",2381,"exon","coding","ACA",2,"Thr-to-Ile"
"29466","ndhG",83,"C",319,0,202,0,117,"c-to-u",791,"exon","coding","TCA",2,"Ser-to-Leu"
"29703","ndhG",320,"C",588,0,251,0,337,"c-to-u",791,"exon","coding","TCT",2,"Ser-to-Phe"
"29742","ndhG",359,"T",434,0,188,0,246,"u-to-c",791,"exon","coding","TTT",2,"Phe-to-Ser"
"30176","ndhH",2,"C",429,0,342,1,86,"c-to-u",1385,"exon","coding","ACG",2,"Thr-to-Met (Start Codon)"
"31657","ndhI",98,"C",434,1,269,0,164,"c-to-u",731,"exon","coding","TCA",2,"Ser-to-Leu"
"32454","ndhJ",164,"C",1462,0,336,2,1124,"c-to-u",713,"exon","coding","TCA",2,"Ser-to-Leu"
"32583","ndhJ",293,"C",684,1,318,2,363,"c-to-u",713,"exon","coding","ACA",2,"Thr-to-Ile"
"32630","ndhJ",340,"C",891,1,370,2,518,"c-to-u",713,"exon","coding","CGG",1,"Arg-to-Trp"
"32690","ndhJ",400,"C",520,0,268,0,252,"c-to-u",713,"exon","coding","CAT",1,"His-to-Tyr"
"32801","ndhJ",511,"C",351,0,102,0,249,"c-to-u",713,"exon","coding","CAA",1,"Gln-to-STOP"
"33478","ndhK",475,"C",875,0,386,1,488,"c-to-u",950,"exon","coding","CAT",1,"His-to-Tyr"
"34221","petA",268,"T",3048,1,2250,5,792,"u-to-c",1163,"exon","coding","TAG",1,"STOP-to-Gln"
"34486","petA",533,"C",2609,1,904,2,1702,"c-to-u",1163,"exon","coding","TCA",2,"Ser-to-Leu"
"36293","petB",1177,"C",2188,4,643,5,1536,"c-to-u",1522,"exon","coding","TCA",2,"Ser-to-Leu"
"36383","petB",1267,"C",1190,2,494,2,692,"c-to-u",1522,"exon","coding","TCT",2,"Ser-to-Phe"
"36386","petB",1270,"C",1153,0,393,0,760,"c-to-u",1522,"exon","coding","ACG",2,"Thr-to-Met"
"36424","petB",1308,"C",1020,0,299,0,721,"c-to-u",1522,"exon","coding","CCG",1,"Pro-to-Ser"
"37323","petD",685,"C",1973,1,596,1,1375,"c-to-u",1318,"exon","coding","TCA",2,"Ser-to-Leu"
"37380","petD",742,"C",1539,0,452,1,1086,"c-to-u",1318,"exon","coding","CCA",2,"Pro-to-Leu"
"37569","petD",931,"C",661,0,255,1,405,"c-to-u",1318,"exon","coding","TCA",2,"Ser-to-Leu"
"37593","petD",955,"C",887,1,303,0,583,"c-to-u",1318,"exon","coding","TCA",2,"Ser-to-Leu"
"37683","petD",1045,"C",568,0,241,1,326,"c-to-u",1318,"exon","coding","GCG",2,"Ala-to-Val"
"37751","petD",1113,"C",459,0,293,0,166,"c-to-u",1318,"exon","coding","CAA",1,"Gln-to-STOP"
"37985","petG",29,"C",721,0,204,0,517,"c-to-u",317,"exon","coding","GCG",2,"Ala-to-Val"
"37988","petG",32,"C",745,0,210,0,535,"c-to-u",317,"exon","coding","TCG",2,"Ser-to-Leu"
"37994","petG",38,"C",763,1,262,0,500,"c-to-u",317,"exon","coding","TCG",2,"Ser-to-Leu"
"38284","petL",11,"C",3536,2,1312,7,2215,"c-to-u",404,"exon","coding","CCA",2,"Pro-to-Leu"
"42184","psaB",764,"C",4841,0,512,1,4328,"c-to-u",2405,"exon","coding","CCA",2,"Pro-to-Leu"
"46175","psbB",2,"C",3647,3,582,8,3054,"c-to-u",1727,"exon","coding","ACG",2,"Thr-to-Met (Start Codon)"
"46289","psbB",116,"C",4203,1,444,7,3751,"c-to-u",1727,"exon","coding","TCA",2,"Ser-to-Leu"
"50858","psbE",110,"C",4037,2,298,2,3735,"c-to-u",452,"exon","coding","TCT",2,"Ser-to-Phe"
"51301","psbF",101,"C",7828,1,548,2,7277,"c-to-u",320,"exon","coding","ACG",2,"Thr-to-Met"
"52287","psbJ",31,"C",5499,4,674,18,4803,"c-to-u",323,"exon","coding","CGG",1,"Arg-to-Trp"
"52330","psbJ",74,"C",3399,0,418,4,2977,"c-to-u",323,"exon","coding","ACG",2,"Thr-to-Met"
"52994","psbL",38,"C",7279,4,425,14,6836,"c-to-u",317,"exon","coding","CCG",2,"Pro-to-Leu"
"53027","psbL",71,"C",7817,7,228,16,7566,"c-to-u",317,"exon","coding","CCG",2,"Pro-to-Leu"
"53051","psbL",95,"C",5836,2,337,4,5493,"c-to-u",317,"exon","coding","TCT",2,"Ser-to-Phe"
"53275","psbM",2,"C",629,0,119,0,510,"c-to-u",308,"exon","coding","ACG",2,"Thr-to-Met (Start Codon)"
"53960","psbT",41,"C",447,0,138,0,309,"c-to-u",305,"exon","coding","TCA",2,"Ser-to-Leu"
"56297","rpl14",56,"C",970,1,467,4,498,"c-to-u",569,"exon","coding","CCC",2,"Pro-to-Leu"
"56298","rpl14",57,"C",983,0,513,2,468,"c-to-u",569,"exon","coding","CCC",3,"Silent"
"56426","rpl14",185,"C",1081,1,522,0,558,"c-to-u",569,"exon","coding","GCA",2,"Ala-to-Val"
"56429","rpl14",188,"C",1074,2,510,0,562,"c-to-u",569,"exon","coding","GCG",2,"Ala-to-Val"
"56431","rpl14",190,"T",1099,0,519,1,579,"u-to-c",569,"exon","coding","TGT",1,"Cys-to-Arg"
"57941","rpl2",10,"T",279,0,154,1,124,"u-to-c",1237,"exon","coding","TGA",1,"STOP-to-Arg"
"58594","rpl2",663,"T",792,1,384,0,407,"u-to-c",1237,"exon","coding","TAA",1,"STOP-to-Gln"
"59324","rpl20",156,"T",1434,3,150,2,1279,"u-to-c",557,"exon","coding","AAT",3,"Silent"
"59394","rpl20",226,"C",1787,0,935,0,852,"c-to-u",557,"exon","coding","CAT",1,"His-to-Tyr"
"59433","rpl20",265,"C",2035,1,1823,1,210,"c-to-u",557,"exon","coding","CTT",1,"Leu-to-Phe"
"60036","rpl21",311,"C",594,0,413,0,181,"c-to-u",557,"exon","coding","ACA",2,"Thr-to-Ile"
"60410","rpl22",128,"C",1299,2,584,1,712,"c-to-u",569,"exon","coding","TCA",2,"Ser-to-Leu"
"60413","rpl22",131,"C",1297,2,502,1,792,"c-to-u",569,"exon","coding","CCC",2,"Pro-to-Leu"
"60626","rpl22",344,"C",717,0,419,0,298,"c-to-u",569,"exon","coding","TCA",2,"Ser-to-Leu"
"60853","rpl23",2,"C",303,0,173,1,129,"c-to-u",479,"exon","coding","ACG",2,"Thr-to-Met (Start Codon)"
"61000","rpl23",149,"C",598,1,285,0,312,"c-to-u",479,"exon","coding","ACA",2,"Thr-to-Ile"
"61111","rpl23",260,"C",163,0,131,0,32,"c-to-u",479,"exon","coding","TCT",2,"Ser-to-Phe"
"61116","rpl23",265,"C",235,0,177,0,58,"c-to-u",479,"exon","coding","CTA",1,"Leu-to-Phe"
"62660","rpoA",241,"T",1085,0,151,0,934,"u-to-c",1226,"exon","coding","TAA",1,"STOP-to-Gln"
"62682","rpoA",263,"C",981,0,430,0,551,"c-to-u",1226,"exon","coding","TCG",2,"Ser-to-Leu"
"62781","rpoA",362,"C",741,0,414,2,325,"c-to-u",1226,"exon","coding","ACA",2,"Thr-to-Ile"
"63015","rpoA",596,"C",1086,1,529,1,555,"c-to-u",1226,"exon","coding","CCA",2,"Pro-to-Leu"
"63772","rpoB",127,"T",524,0,81,2,441,"u-to-c",3422,"exon","coding","TGA",1,"STOP-to-Arg"
"63860","rpoB",215,"C",1497,0,1233,2,262,"c-to-u",3422,"exon","coding","CCA",2,"Pro-to-Leu"
"63874","rpoB",229,"T",1482,1,155,2,1324,"u-to-c",3422,"exon","coding","TAA",1,"STOP-to-Gln"
"64070","rpoB",425,"C",1637,0,1273,2,362,"c-to-u",3422,"exon","coding","ACA",2,"Thr-to-Ile"
"64289","rpoB",644,"C",537,1,456,1,79,"c-to-u",3422,"exon","coding","GCA",2,"Ala-to-Val"
"64363","rpoB",718,"T",630,1,96,0,533,"u-to-c",3422,"exon","coding","TAA",1,"STOP-to-Gln"
"64727","rpoB",1082,"C",565,0,495,0,70,"c-to-u",3422,"exon","coding","TCC",2,"Ser-to-Phe"
"65339","rpoB",1694,"C",1660,1,1148,1,510,"c-to-u",3422,"exon","coding","TCG",2,"Ser-to-Leu"
"65600","rpoB",1955,"C",718,0,632,0,86,"c-to-u",3422,"exon","coding","CCA",2,"Pro-to-Leu"
"65628","rpoB",1983,"T",868,0,110,1,757,"u-to-c",3422,"exon","coding","GCT",3,"Silent"
"65649","rpoB",2004,"T",718,2,74,0,642,"u-to-c",3422,"exon","coding","TAT",3,"Silent"
"65652","rpoB",2007,"T",705,0,75,1,629,"u-to-c",3422,"exon","coding","AAT",3,"Silent"
"65655","rpoB",2010,"T",711,0,74,0,637,"u-to-c",3422,"exon","coding","TTT",3,"Silent"
"65739","rpoB",2094,"C",703,0,630,1,72,"c-to-u",3422,"exon","coding","ATC",3,"Silent"
"65814","rpoB",2169,"T",1046,0,110,2,934,"u-to-c",3422,"exon","coding","CTT",3,"Silent"
"65930","rpoB",2285,"C",1925,1,1389,1,534,"c-to-u",3422,"exon","coding","TCA",2,"Ser-to-Leu"
"66365","rpoB",2720,"C",826,1,523,1,301,"c-to-u",3422,"exon","coding","CCT",2,"Pro-to-Leu"
"67182","rpoC1",115,"T",915,0,142,0,773,"u-to-c",2983,"exon","coding","TAA",1,"STOP-to-Gln"
"67231","rpoC1",164,"C",1133,1,813,1,318,"c-to-u",2983,"exon","coding","CCA",2,"Pro-to-Leu"
"68721","rpoC1",1654,"C",761,0,577,0,184,"c-to-u",2983,"exon","coding","CCC",2,"Pro-to-Leu"
"68826","rpoC1",1759,"C",1126,1,864,3,258,"c-to-u",2983,"exon","coding","ACG",2,"Thr-to-Met"
"69033","rpoC1",1966,"C",803,1,525,3,274,"c-to-u",2983,"exon","coding","CCG",2,"Pro-to-Leu"
"69041","rpoC1",1974,"T",835,2,155,2,676,"u-to-c",2983,"exon","coding","TAA",1,"STOP-to-Gln"
"69249","rpoC1",2182,"C",863,0,692,3,168,"c-to-u",2983,"exon","coding","TCT",2,"Ser-to-Phe"
"70220","rpoC2",170,"C",1211,1,638,4,568,"c-to-u",4421,"exon","coding","TCG",2,"Ser-to-Leu"
"70282","rpoC2",232,"T",797,0,129,0,668,"u-to-c",4421,"exon","coding","TAA",1,"STOP-to-Gln"
"70382","rpoC2",332,"C",703,0,576,0,127,"c-to-u",4421,"exon","coding","TCA",2,"Ser-to-Leu"
"70594","rpoC2",544,"C",633,0,505,0,128,"c-to-u",4421,"exon","coding","CGC",1,"Arg-to-Cys"
"70898","rpoC2",848,"C",745,0,626,0,119,"c-to-u",4421,"exon","coding","TCG",2,"Ser-to-Leu"
"70987","rpoC2",937,"T",1072,0,153,1,918,"u-to-c",4421,"exon","coding","TAC",1,"Tyr-to-His"
"71250","rpoC2",1200,"T",534,1,59,1,473,"u-to-c",4421,"exon","coding","CAT",3,"Silent"
"72218","rpoC2",2168,"T",650,2,85,0,563,"u-to-c",4421,"exon","coding","CTT",2,"Leu-to-Pro"
"72316","rpoC2",2266,"C",1017,0,903,1,113,"c-to-u",4421,"exon","coding","CCG",1,"Pro-to-Ser"
"72696","rpoC2",2646,"T",889,2,145,0,742,"u-to-c",4421,"exon","coding","CTT",3,"Silent"
"73780","rpoC2",3730,"T",1890,1,818,3,1068,"u-to-c",4421,"exon","coding","TGT",1,"Cys-to-Arg"
"75291","rps12",224,"C",1526,1,534,1,990,"c-to-u",775,"exon","coding","TCG",2,"Ser-to-Leu"
"76090","rps14",248,"C",907,0,360,0,547,"c-to-u",503,"exon","coding","CCC",2,"Pro-to-Leu"
"78370","rps19",2,"C",172,0,80,0,92,"c-to-u",479,"exon","coding","ACG",2,"Thr-to-Met (Start Codon)"
"78863","rps2",16,"C",2110,3,958,12,1137,"c-to-u",917,"exon","coding","CGG",1,"Arg-to-Trp"
"79008","rps2",161,"C",3598,2,1003,1,2592,"c-to-u",917,"exon","coding","TCA",2,"Ser-to-Leu"
"79277","rps2",430,"T",3410,3,1035,3,2369,"u-to-c",917,"exon","coding","TAA",1,"STOP-to-Gln"
"79344","rps2",497,"C",1354,1,667,1,685,"c-to-u",917,"exon","coding","ACA",2,"Thr-to-Ile"
"79347","rps2",500,"C",1340,0,524,1,815,"c-to-u",917,"exon","coding","ACT",2,"Thr-to-Ile"
"79395","rps2",548,"C",972,2,387,2,581,"c-to-u",917,"exon","coding","TCG",2,"Ser-to-Leu"
"79509","rps2",662,"C",1776,0,722,0,1054,"c-to-u",917,"exon","coding","CCA",2,"Pro-to-Leu"
"79810","rps3",46,"T",621,0,64,1,556,"u-to-c",857,"exon","coding","TAA",1,"STOP-to-Gln"
"79819","rps3",55,"C",689,0,388,0,301,"c-to-u",857,"exon","coding","CAC",1,"His-to-Tyr"
"80872","rps4",251,"C",2116,0,705,2,1409,"c-to-u",788,"exon","coding","CCG",2,"Pro-to-Leu"
"81152","rps4",531,"C",791,1,503,1,286,"c-to-u",788,"exon","coding","TCC",3,"Silent"
"81548","rps7",139,"T",1386,1,523,2,860,"u-to-c",653,"exon","coding","TAA",1,"STOP-to-Gln"
"81690","rps7",281,"C",1528,1,819,5,703,"c-to-u",653,"exon","coding","TCG",2,"Ser-to-Leu"
"81705","rps7",296,"C",1508,0,782,2,724,"c-to-u",653,"exon","coding","TCA",2,"Ser-to-Leu"
"82379","rps8",317,"C",911,2,250,1,658,"c-to-u",599,"exon","coding","TCA",2,"Ser-to-Leu"
"82445","rps8",383,"C",262,0,229,0,33,"c-to-u",599,"exon","coding","CCG",2,"Pro-to-Leu"
"89818","ycf2",1567,"T",1233,1,145,3,1084,"u-to-c",6533,"exon","coding","TAA",1,"STOP-to-Gln"
"94837","ycf3",53,"C",744,3,337,0,404,"c-to-u",2128,"exon","coding","CCA",2,"Pro-to-Leu"
"94889","ycf3",105,"C",1063,3,511,3,546,"c-to-u",2128,"exon","coding","GCC",3,"Silent"
"94907","ycf3",123,"C",1022,0,354,1,667,"c-to-u",2128,"exon","coding","GAC",3,"Silent"
"95696","ycf3",912,"C",1107,1,425,2,679,"c-to-u",2128,"exon","coding","CCA",2,"Pro-to-Leu"
"95884","ycf3",1100,"C",848,3,369,1,475,"c-to-u",2128,"exon","coding","CAC",1,"His-to-Tyr"
"96638","ycf3",1854,"C",951,0,504,0,447,"c-to-u",2128,"exon","coding","CGG",1,"Arg-to-Trp"
